tic;date;year;month;cusip;prc;shrout;ret;retx;n
AAPL;2005-01-31;2005;1;3783310;76.9;408586;0.194099;0.194099;120
AAPL;2005-02-28;2005;2;3783310;44.86;817172;0.166710;0.166710;120
AAPL;2005-03-31;2005;3;3783310;41.67;823137;-0.071110;-0.071110;120
AAPL;2005-04-29;2005;4;3783310;36.06;823934;-0.134629;-0.134629;120
AAPL;2005-05-31;2005;5;3783310;39.7593;823934;0.102587;0.102587;120
AAPL;2005-06-30;2005;6;3783310;36.81;827981;-0.074179;-0.074179;120
AAPL;2005-07-29;2005;7;3783310;42.65;829829;0.158653;0.158653;120
AAPL;2005-08-31;2005;8;3783310;46.89;829829;0.099414;0.099414;120
AAPL;2005-09-30;2005;9;3783310;53.61;835019;0.143314;0.143314;120
AAPL;2005-10-31;2005;10;3783310;57.59;839777;0.074240;0.074240;120
AAPL;2005-11-30;2005;11;3783310;67.82;842768;0.177635;0.177635;120
AAPL;2005-12-30;2005;12;3783310;71.89;845617;0.060012;0.060012;120
AAPL;2006-01-31;2006;1;3783310;75.51;848612;0.050355;0.050355;120
AAPL;2006-02-28;2006;2;3783310;68.49;849656;-0.092968;-0.092968;120
AAPL;2006-03-31;2006;3;3783310;62.72;849188;-0.084246;-0.084246;120
AAPL;2006-04-28;2006;4;3783310;70.39;850508;0.122290;0.122290;120
AAPL;2006-05-31;2006;5;3783310;59.77;850508;-0.150874;-0.150874;120
AAPL;2006-06-30;2006;6;3783310;57.27;852988;-0.041827;-0.041827;120
AAPL;2006-07-31;2006;7;3783310;67.96;852988;0.186660;0.186660;120
AAPL;2006-08-31;2006;8;3783310;67.85;852988;-0.001619;-0.001619;120
AAPL;2006-09-29;2006;9;3783310;76.98;855263;0.134562;0.134562;120
AAPL;2006-10-31;2006;10;3783310;81.08;855263;0.053261;0.053261;120
AAPL;2006-11-30;2006;11;3783310;91.66;859202;0.130488;0.130488;120
AAPL;2006-12-29;2006;12;3783310;84.84;860220;-0.074405;-0.074405;120
AAPL;2007-01-31;2007;1;3783310;85.73;861875;0.010490;0.010490;120
AAPL;2007-02-28;2007;2;3783310;84.61;861875;-0.013064;-0.013064;120
AAPL;2007-03-30;2007;3;3783310;92.91;864693;0.098097;0.098097;120
AAPL;2007-04-30;2007;4;3783310;99.8;864948;0.074158;0.074158;120
AAPL;2007-05-31;2007;5;3783310;121.191;864948;0.214339;0.214339;120
AAPL;2007-06-29;2007;6;3783310;122.04;869162;0.007005;0.007005;120
AAPL;2007-07-31;2007;7;3783310;131.75999;869641;0.079646;0.079646;120
AAPL;2007-08-31;2007;8;3783310;138.48;869641;0.051002;0.051002;120
AAPL;2007-09-28;2007;9;3783310;153.47;869641;0.108247;0.108247;120
AAPL;2007-10-31;2007;10;3783310;189.95;869641;0.237701;0.237701;120
AAPL;2007-11-30;2007;11;3783310;182.22;875540;-0.040695;-0.040695;120
AAPL;2007-12-31;2007;12;3783310;198.08;878629;0.087038;0.087038;120
AAPL;2008-01-31;2008;1;3783310;135.36;878876;-0.316640;-0.316640;120
AAPL;2008-02-29;2008;2;3783310;125.02;878876;-0.076389;-0.076389;120
AAPL;2008-03-31;2008;3;3783310;143.5;881431;0.147816;0.147816;120
AAPL;2008-04-30;2008;4;3783310;173.95;881623;0.212195;0.212195;120
AAPL;2008-05-30;2008;5;3783310;188.75;881623;0.085082;0.085082;120
AAPL;2008-06-30;2008;6;3783310;167.44;885747;-0.112901;-0.112901;120
AAPL;2008-07-31;2008;7;3783310;158.95;885876;-0.050705;-0.050705;120
AAPL;2008-08-29;2008;8;3783310;169.53;885876;0.066562;0.066562;120
AAPL;2008-09-30;2008;9;3783310;113.66;888326;-0.329558;-0.329558;120
AAPL;2008-10-31;2008;10;3783310;107.59;888935;-0.053405;-0.053405;120
AAPL;2008-11-28;2008;11;3783310;92.67;888935;-0.138675;-0.138675;120
AAPL;2008-12-31;2008;12;3783310;85.35;890415;-0.078990;-0.078990;120
AAPL;2009-01-30;2009;1;3783310;90.13;890554;0.056005;0.056005;120
AAPL;2009-02-27;2009;2;3783310;89.31;890554;-0.009098;-0.009098;120
AAPL;2009-03-31;2009;3;3783310;105.12;892110;0.177024;0.177024;120
AAPL;2009-04-30;2009;4;3783310;125.83;892110;0.197013;0.197013;120
AAPL;2009-05-29;2009;5;3783310;135.81;892110;0.079313;0.079313;120
AAPL;2009-06-30;2009;6;3783310;142.42999;895735;0.048745;0.048745;120
AAPL;2009-07-31;2009;7;3783310;163.39;895817;0.147160;0.147160;120
AAPL;2009-08-31;2009;8;3783310;168.21001;895817;0.029500;0.029500;120
AAPL;2009-09-30;2009;9;3783310;185.35001;899806;0.101896;0.101896;120
AAPL;2009-10-30;2009;10;3783310;188.5;900678;0.016995;0.016995;120
AAPL;2009-11-30;2009;11;3783310;199.91;900678;0.060531;0.060531;120
AAPL;2009-12-31;2009;12;3783310;210.73199;906282;0.054134;0.054134;120
AAPL;2010-01-29;2010;1;3783310;192.063;906795;-0.088591;-0.088591;120
AAPL;2010-02-26;2010;2;3783310;204.62;906795;0.065380;0.065380;120
AAPL;2010-03-31;2010;3;3783310;235;909636;0.148470;0.148470;120
AAPL;2010-04-30;2010;4;3783310;261.09;909938;0.111021;0.111021;120
AAPL;2010-05-28;2010;5;3783310;256.88;909938;-0.016125;-0.016125;120
AAPL;2010-06-30;2010;6;3783310;251.53;913482;-0.020827;-0.020827;120
AAPL;2010-07-30;2010;7;3783310;257.25;913563;0.022741;0.022741;120
AAPL;2010-08-31;2010;8;3783310;243.10001;913563;-0.055005;-0.055005;120
AAPL;2010-09-30;2010;9;3783310;283.75;915970;0.167215;0.167215;120
AAPL;2010-10-29;2010;10;3783310;300.98001;917307;0.060723;0.060723;120
AAPL;2010-11-30;2010;11;3783310;311.14999;917307;0.033790;0.033790;120
AAPL;2010-12-31;2010;12;3783310;322.56;921035;0.036670;0.036670;120
AAPL;2011-01-31;2011;1;3783310;339.32001;921278;0.051959;0.051959;120
AAPL;2011-02-28;2011;2;3783310;353.20999;921278;0.040935;0.040935;120
AAPL;2011-03-31;2011;3;3783310;348.50751;924674;-0.013314;-0.013314;120
AAPL;2011-04-29;2011;4;3783310;350.13;924755;0.004656;0.004656;120
AAPL;2011-05-31;2011;5;3783310;347.82999;924755;-0.006569;-0.006569;120
AAPL;2011-06-30;2011;6;3783310;335.67001;926904;-0.034960;-0.034960;120
AAPL;2011-07-29;2011;7;3783310;390.48001;927091;0.163285;0.163285;120
AAPL;2011-08-31;2011;8;3783310;384.82999;927091;-0.014469;-0.014469;120
AAPL;2011-09-30;2011;9;3783310;381.32001;929277;-0.009121;-0.009121;120
AAPL;2011-10-31;2011;10;3783310;404.78;929409;0.061523;0.061523;120
AAPL;2011-11-30;2011;11;3783310;382.20001;929409;-0.055783;-0.055783;120
AAPL;2011-12-30;2011;12;3783310;405;932214;0.059655;0.059655;120
AAPL;2012-01-31;2012;1;3783310;456.48001;932370;0.127111;0.127111;120
AAPL;2012-02-29;2012;2;3783310;542.44;932370;0.188311;0.188311;120
AAPL;2012-03-30;2012;3;3783310;599.54999;934982;0.105284;0.105284;120
AAPL;2012-04-30;2012;4;3783310;583.97998;935062;-0.025969;-0.025969;120
AAPL;2012-05-31;2012;5;3783310;577.72998;935062;-0.010702;-0.010702;120
AAPL;2012-06-29;2012;6;3783310;584;937266;0.010853;0.010853;120
AAPL;2012-07-31;2012;7;3783310;610.76001;937406;0.045822;0.045822;120
AAPL;2012-08-31;2012;8;3783310;665.23999;937406;0.093539;0.089200;120
AAPL;2012-09-28;2012;9;3783310;667.10498;939208;0.002803;0.002803;120
AAPL;2012-10-31;2012;10;3783310;595.32001;940692;-0.107607;-0.107607;120
AAPL;2012-11-30;2012;11;3783310;585.28003;940692;-0.012413;-0.016865;120
AAPL;2012-12-31;2012;12;3783310;532.17291;938973;-0.090738;-0.090738;120
AAPL;2013-01-31;2013;1;3783310;455.48999;939058;-0.144094;-0.144094;120
AAPL;2013-02-28;2013;2;3783310;441.39999;939058;-0.025116;-0.030934;120
AAPL;2013-03-28;2013;3;3783310;442.66;940094;0.002855;0.002855;120
AAPL;2013-04-30;2013;4;3783310;442.78;938649;0.000271;0.000271;120
AAPL;2013-05-31;2013;5;3783310;449.73499;938649;0.022596;0.015708;120
AAPL;2013-06-28;2013;6;3783310;396.53;908442;-0.118303;-0.118303;120
AAPL;2013-07-31;2013;7;3783310;452.53;908497;0.141225;0.141225;120
AAPL;2013-08-30;2013;8;3783310;487.216;908497;0.083389;0.076649;120
AAPL;2013-09-30;2013;9;3783310;476.75;899213;-0.021481;-0.021481;120
AAPL;2013-10-31;2013;10;3783310;522.70203;899738;0.096386;0.096386;120
AAPL;2013-11-29;2013;11;3783310;556.07001;899738;0.069673;0.063837;120
AAPL;2013-12-31;2013;12;3783310;561.02002;892447;0.008902;0.008902;120
AAPL;2014-01-31;2014;1;3783310;500.60001;891989;-0.107697;-0.107697;120
AAPL;2014-02-28;2014;2;3783310;526.23999;891989;0.057311;0.051219;120
AAPL;2014-03-31;2014;3;3783310;536.73999;861745;0.019953;0.019953;120
AAPL;2014-04-30;2014;4;3783310;590.09003;861381;0.099396;0.099396;120
AAPL;2014-05-30;2014;5;3783310;633;861381;0.078293;0.072718;120
AAPL;2014-06-30;2014;6;3783310;92.93;5989171;0.027662;0.027662;120
AAPL;2014-07-31;2014;7;3783310;95.6;5987867;0.028731;0.028731;120
AAPL;2014-08-29;2014;8;3783310;102.5;5987867;0.077092;0.072176;120
AAPL;2014-09-30;2014;9;3783310;100.75;5866161;-0.017073;-0.017073;120
AAPL;2014-10-31;2014;10;3783310;108;5864840;0.071960;0.071960;120
AAPL;2014-11-28;2014;11;3783310;118.93;5864840;0.105556;0.101204;120
AAPL;2014-12-31;2014;12;3783310;110.38;5826419;-0.071891;-0.071891;120
BA;2005-01-31;2005;1;9702310;50.6;839597;-0.022600;-0.022600;120
BA;2005-02-28;2005;2;9702310;54.97;832425;0.091304;0.086364;120
BA;2005-03-31;2005;3;9702310;58.46;832425;0.063489;0.063489;120
BA;2005-04-29;2005;4;9702310;59.52;826326;0.018132;0.018132;120
BA;2005-05-31;2005;5;9702310;63.9;826326;0.077789;0.073589;120
BA;2005-06-30;2005;6;9702310;66;826326;0.032864;0.032864;120
BA;2005-07-29;2005;7;9702310;66.01;820601;0.000152;0.000152;120
BA;2005-08-31;2005;8;9702310;67.02;820601;0.019088;0.015301;120
BA;2005-09-30;2005;9;9702310;67.95;820601;0.013876;0.013876;120
BA;2005-10-31;2005;10;9702310;64.64;807265;-0.048712;-0.048712;120
BA;2005-11-30;2005;11;9702310;68.19;807265;0.058787;0.054920;120
BA;2005-12-30;2005;12;9702310;70.24;807265;0.030063;0.030063;120
BA;2006-01-31;2006;1;9702310;68.31;807265;-0.027477;-0.027477;120
BA;2006-02-28;2006;2;9702310;72.69;800387;0.068511;0.064120;120
BA;2006-03-31;2006;3;9702310;77.93;800958;0.072087;0.072087;120
BA;2006-04-28;2006;4;9702310;83.45;799579;0.070833;0.070833;120
BA;2006-05-31;2006;5;9702310;83.25;799579;0.001198;-0.002397;120
BA;2006-06-30;2006;6;9702310;81.91;799579;-0.016096;-0.016096;120
BA;2006-07-31;2006;7;9702310;77.42;794909;-0.054816;-0.054816;120
BA;2006-08-31;2006;8;9702310;74.9;794909;-0.028675;-0.032550;120
BA;2006-09-29;2006;9;9702310;78.85;794909;0.052737;0.052737;120
BA;2006-10-31;2006;10;9702310;79.86;790739;0.012809;0.012809;120
BA;2006-11-30;2006;11;9702310;88.53;790739;0.112322;0.108565;120
BA;2006-12-29;2006;12;9702310;88.84;790739;0.003502;0.003502;120
BA;2007-01-31;2007;1;9702310;89.56;790739;0.008104;0.008104;120
BA;2007-02-28;2007;2;9702310;87.26;789265;-0.021773;-0.025681;120
BA;2007-03-30;2007;3;9702310;88.91;789112;0.018909;0.018909;120
BA;2007-04-30;2007;4;9702310;93;787401;0.046002;0.046002;120
BA;2007-05-31;2007;5;9702310;100.59;787401;0.085376;0.081613;120
BA;2007-06-29;2007;6;9702310;96.16;787401;-0.044040;-0.044040;120
BA;2007-07-31;2007;7;9702310;103.43;783712;0.075603;0.075603;120
BA;2007-08-31;2007;8;9702310;96.7;783712;-0.061684;-0.065068;120
BA;2007-09-28;2007;9;9702310;104.99;783712;0.085729;0.085729;120
BA;2007-10-31;2007;10;9702310;98.59;775063;-0.060958;-0.060958;120
BA;2007-11-30;2007;11;9702310;92.54;775063;-0.057815;-0.061365;120
BA;2007-12-31;2007;12;9702310;87.46;775063;-0.054895;-0.054895;120
BA;2008-01-31;2008;1;9702310;83.18;775063;-0.048937;-0.048937;120
BA;2008-02-29;2008;2;9702310;82.79;764833;0.000120;-0.004689;120
BA;2008-03-31;2008;3;9702310;74.37;764833;-0.101703;-0.101703;120
BA;2008-04-30;2008;4;9702310;84.86;751453;0.141051;0.141051;120
BA;2008-05-30;2008;5;9702310;82.77;751453;-0.019915;-0.024629;120
BA;2008-06-30;2008;6;9702310;65.72;751453;-0.205992;-0.205992;120
BA;2008-07-31;2008;7;9702310;61.11;710245;-0.070146;-0.070146;120
BA;2008-08-29;2008;8;9702310;65.56;710245;0.079365;0.072819;120
BA;2008-09-30;2008;9;9702310;57.35;710245;-0.125229;-0.125229;120
BA;2008-10-31;2008;10;9702310;52.42;704834;-0.085963;-0.085963;120
BA;2008-11-28;2008;11;9702310;42.63;704834;-0.179130;-0.186761;120
BA;2008-12-31;2008;12;9702310;42.67;704834;0.000938;0.000938;120
BA;2009-01-30;2009;1;9702310;42.31;704834;-0.008437;-0.008437;120
BA;2009-02-27;2009;2;9702310;31.44;698128;-0.246987;-0.256913;120
BA;2009-03-31;2009;3;9702310;35.58;699793;0.131679;0.131679;120
BA;2009-04-30;2009;4;9702310;40.05;697198;0.125632;0.125632;120
BA;2009-05-29;2009;5;9702310;44.85;726198;0.130337;0.119850;120
BA;2009-06-30;2009;6;9702310;42.5;726198;-0.052397;-0.052397;120
BA;2009-07-31;2009;7;9702310;42.91;726432;0.009647;0.009647;120
BA;2009-08-31;2009;8;9702310;49.67;726432;0.167327;0.157539;120
BA;2009-09-30;2009;9;9702310;54.15;726432;0.090195;0.090195;120
BA;2009-10-30;2009;10;9702310;47.8;726599;-0.117267;-0.117267;120
BA;2009-11-30;2009;11;9702310;52.41;726599;0.105230;0.096444;120
BA;2009-12-31;2009;12;9702310;54.13;726599;0.032818;0.032818;120
BA;2010-01-29;2010;1;9702310;60.6;726599;0.119527;0.119527;120
BA;2010-02-26;2010;2;9702310;63.16;756976;0.049175;0.042244;120
BA;2010-03-31;2010;3;9702310;72.61;756976;0.149620;0.149620;120
BA;2010-04-30;2010;4;9702310;72.43;759037;-0.002479;-0.002479;120
BA;2010-05-28;2010;5;9702310;64.18;759037;-0.108104;-0.113903;120
BA;2010-06-30;2010;6;9702310;62.75;759037;-0.022281;-0.022281;120
BA;2010-07-30;2010;7;9702310;68.14;731681;0.085896;0.085896;120
BA;2010-08-31;2010;8;9702310;61.13;731681;-0.096713;-0.102876;120
BA;2010-09-30;2010;9;9702310;66.54;731681;0.088500;0.088500;120
BA;2010-10-29;2010;10;9702310;70.64;733580;0.061617;0.061617;120
BA;2010-11-30;2010;11;9702310;63.77;733580;-0.091308;-0.097254;120
BA;2010-12-31;2010;12;9702310;65.26;733580;0.023365;0.023365;120
BA;2011-01-31;2011;1;9702310;69.48;733580;0.064664;0.064664;120
BA;2011-02-28;2011;2;9702310;72.01;736296;0.042458;0.036413;120
BA;2011-03-31;2011;3;9702310;73.93;737072;0.026663;0.026663;120
BA;2011-04-29;2011;4;9702310;79.78;738275;0.079129;0.079129;120
BA;2011-05-31;2011;5;9702310;78.03;738275;-0.016671;-0.021935;120
BA;2011-06-30;2011;6;9702310;73.93;738275;-0.052544;-0.052544;120
BA;2011-07-29;2011;7;9702310;70.47;741092;-0.046801;-0.046801;120
BA;2011-08-31;2011;8;9702310;66.86;741092;-0.045267;-0.051227;120
BA;2011-09-30;2011;9;9702310;60.51;741092;-0.094975;-0.094975;120
BA;2011-10-31;2011;10;9702310;65.79;743234;0.087258;0.087258;120
BA;2011-11-30;2011;11;9702310;68.69;743234;0.050464;0.044080;120
BA;2011-12-30;2011;12;9702310;73.35;743234;0.067841;0.067841;120
BA;2012-01-31;2012;1;9702310;74.18;743234;0.011316;0.011316;120
BA;2012-02-29;2012;2;9702310;74.95;745721;0.016312;0.010380;120
BA;2012-03-30;2012;3;9702310;74.37;747834;-0.007738;-0.007738;120
BA;2012-04-30;2012;4;9702310;76.8;749049;0.032674;0.032674;120
BA;2012-05-31;2012;5;9702310;69.61;749049;-0.087891;-0.093620;120
BA;2012-06-29;2012;6;9702310;74.3;749049;0.067375;0.067375;120
BA;2012-07-31;2012;7;9702310;73.91;751798;-0.005249;-0.005249;120
BA;2012-08-31;2012;8;9702310;71.4;751798;-0.028007;-0.033960;120
BA;2012-09-28;2012;9;9702310;69.595;751798;-0.025280;-0.025280;120
BA;2012-10-31;2012;10;9702310;70.44;754077;0.012142;0.012142;120
BA;2012-11-30;2012;11;9702310;74.28;754077;0.060761;0.054514;120
BA;2012-12-31;2012;12;9702310;75.36;754077;0.014540;0.014540;120
BA;2013-01-31;2013;1;9702310;73.87;754077;-0.019772;-0.019772;120
BA;2013-02-28;2013;2;9702310;76.9;756166;0.047584;0.041018;120
BA;2013-03-28;2013;3;9702310;85.85;757310;0.116385;0.116385;120
BA;2013-04-30;2013;4;9702310;91.41;758681;0.064764;0.064764;120
BA;2013-05-31;2013;5;9702310;99.02;758681;0.088557;0.083251;120
BA;2013-06-28;2013;6;9702310;102.44;758681;0.034539;0.034539;120
BA;2013-07-31;2013;7;9702310;105.1;754444;0.025966;0.025966;120
BA;2013-08-30;2013;8;9702310;103.92;754444;-0.006613;-0.011227;120
BA;2013-09-30;2013;9;9702310;117.5;754444;0.130677;0.130677;120
BA;2013-10-31;2013;10;9702310;130.5;751453;0.110638;0.110638;120
BA;2013-11-29;2013;11;9702310;134.25;751453;0.032452;0.028736;120
BA;2013-12-31;2013;12;9702310;136.49001;751453;0.016685;0.016685;120
BA;2014-01-31;2014;1;9702310;125.26;751453;-0.082277;-0.082277;120
BA;2014-02-28;2014;2;9702310;128.92;743405;0.035047;0.029219;120
BA;2014-03-31;2014;3;9702310;125.49;737077;-0.026606;-0.026606;120
BA;2014-04-30;2014;4;9702310;129.02;729225;0.028130;0.028130;120
BA;2014-05-30;2014;5;9702310;135.25;729225;0.053945;0.048287;120
BA;2014-06-30;2014;6;9702310;127.23;729225;-0.059298;-0.059298;120
BA;2014-07-31;2014;7;9702310;120.48;720613;-0.053054;-0.053054;120
BA;2014-08-29;2014;8;9702310;126.8;720613;0.058516;0.052457;120
BA;2014-09-30;2014;9;9702310;127.38;720613;0.004574;0.004574;120
BA;2014-10-31;2014;10;9702310;124.91;712930;-0.019391;-0.019391;120
BA;2014-11-28;2014;11;9702310;134.36;712930;0.081499;0.075654;120
BA;2014-12-31;2014;12;9702310;129.98;712930;-0.032599;-0.032599;120
CAT;2005-01-31;2005;1;14912310;89.1;341236;-0.082043;-0.086248;120
CAT;2005-02-28;2005;2;14912310;95.05;342937;0.066779;0.066779;120
CAT;2005-03-31;2005;3;14912310;91.44;342937;-0.037980;-0.037980;120
CAT;2005-04-29;2005;4;14912310;88.05;342937;-0.032590;-0.037073;120
CAT;2005-05-31;2005;5;14912310;94.11;341695;0.068824;0.068824;120
CAT;2005-06-30;2005;6;14912310;95.31;341695;0.012751;0.012751;120
CAT;2005-07-29;2005;7;14912310;53.91;683390;0.136502;0.131256;120
CAT;2005-08-31;2005;8;14912310;55.49;676777;0.029308;0.029308;120
CAT;2005-09-30;2005;9;14912310;58.75;676777;0.058749;0.058749;120
CAT;2005-10-31;2005;10;14912310;52.59;676777;-0.100596;-0.104851;120
CAT;2005-11-30;2005;11;14912310;57.78;680208;0.098688;0.098688;120
CAT;2005-12-30;2005;12;14912310;57.77;680208;-0.000173;-0.000173;120
CAT;2006-01-31;2006;1;14912310;67.9;680208;0.179678;0.175351;120
CAT;2006-02-28;2006;2;14912310;73.08;670867;0.076289;0.076289;120
CAT;2006-03-31;2006;3;14912310;71.81;670867;-0.017378;-0.017378;120
CAT;2006-04-28;2006;4;14912310;75.74;666000;0.058209;0.054728;120
CAT;2006-05-31;2006;5;14912310;72.95;666000;-0.036837;-0.036837;120
CAT;2006-06-30;2006;6;14912310;74.48;666000;0.020973;0.020973;120
CAT;2006-07-31;2006;7;14912310;70.87;666000;-0.044441;-0.048469;120
CAT;2006-08-31;2006;8;14912310;66.35;655748;-0.063779;-0.063779;120
CAT;2006-09-29;2006;9;14912310;65.8;655748;-0.008289;-0.008289;120
CAT;2006-10-31;2006;10;14912310;60.71;655748;-0.072796;-0.077356;120
CAT;2006-11-30;2006;11;14912310;62.03;650534;0.021743;0.021743;120
CAT;2006-12-29;2006;12;14912310;61.33;650534;-0.011285;-0.011285;120
CAT;2007-01-31;2007;1;14912310;64.07;650534;0.049568;0.044676;120
CAT;2007-02-28;2007;2;14912310;64.43;645808;0.005619;0.005619;120
CAT;2007-03-30;2007;3;14912310;67.03;645808;0.040354;0.040354;120
CAT;2007-04-30;2007;4;14912310;72.62;645808;0.087871;0.083396;120
CAT;2007-05-31;2007;5;14912310;78.58;640396;0.082071;0.082071;120
CAT;2007-06-29;2007;6;14912310;78.3;640396;-0.003563;-0.003563;120
CAT;2007-07-31;2007;7;14912310;78.8;640396;0.010983;0.006386;120
CAT;2007-08-31;2007;8;14912310;75.77;639155;-0.038452;-0.038452;120
CAT;2007-09-28;2007;9;14912310;78.43;639155;0.035106;0.035106;120
CAT;2007-10-31;2007;10;14912310;74.61;639155;-0.044116;-0.048706;120
CAT;2007-11-30;2007;11;14912310;71.9;635960;-0.036322;-0.036322;120
CAT;2007-12-31;2007;12;14912310;72.56;635960;0.009179;0.009179;120
CAT;2008-01-31;2008;1;14912310;70.99;635960;-0.016676;-0.021637;120
CAT;2008-02-29;2008;2;14912310;72.33;623986;0.018876;0.018876;120
CAT;2008-03-31;2008;3;14912310;78.29;623986;0.082400;0.082400;120
CAT;2008-04-30;2008;4;14912310;81.88;615133;0.050453;0.045855;120
CAT;2008-05-30;2008;5;14912310;82.64;615133;0.009282;0.009282;120
CAT;2008-06-30;2008;6;14912310;73.82;615133;-0.106728;-0.106728;120
CAT;2008-07-31;2008;7;14912310;69.52;608700;-0.052560;-0.058250;120
CAT;2008-08-29;2008;8;14912310;70.73;608716;0.017405;0.017405;120
CAT;2008-09-30;2008;9;14912310;59.6;608716;-0.157359;-0.157359;120
CAT;2008-10-31;2008;10;14912310;38.2;603234;-0.352013;-0.359060;120
CAT;2008-11-28;2008;11;14912310;40.99;603234;0.073037;0.073037;120
CAT;2008-12-31;2008;12;14912310;44.67;603234;0.089778;0.089778;120
CAT;2009-01-30;2009;1;14912310;30.85;603234;-0.299978;-0.309380;120
CAT;2009-02-27;2009;2;14912310;24.61;601527;-0.202269;-0.202269;120
CAT;2009-03-31;2009;3;14912310;27.96;601527;0.136123;0.136123;120
CAT;2009-04-30;2009;4;14912310;35.58;601752;0.287554;0.272532;120
CAT;2009-05-29;2009;5;14912310;35.46;601752;-0.003373;-0.003373;120
CAT;2009-06-30;2009;6;14912310;33.04;601752;-0.068246;-0.068246;120
CAT;2009-07-31;2009;7;14912310;44.06;621294;0.346247;0.333535;120
CAT;2009-08-31;2009;8;14912310;45.31;621294;0.028370;0.028370;120
CAT;2009-09-30;2009;9;14912310;51.33;621294;0.132863;0.132863;120
CAT;2009-10-30;2009;10;14912310;55.06;623000;0.080849;0.072667;120
CAT;2009-11-30;2009;11;14912310;58.39;622728;0.060479;0.060479;120
CAT;2009-12-31;2009;12;14912310;56.99;622728;-0.023977;-0.023977;120
CAT;2010-01-29;2010;1;14912310;52.24;622728;-0.075978;-0.083348;120
CAT;2010-02-26;2010;2;14912310;57.05;624723;0.092075;0.092075;120
CAT;2010-03-31;2010;3;14912310;62.85;624723;0.101665;0.101665;120
CAT;2010-04-30;2010;4;14912310;68.09;628185;0.090056;0.083373;120
CAT;2010-05-28;2010;5;14912310;60.76;628185;-0.107652;-0.107652;120
CAT;2010-06-30;2010;6;14912310;60.07;628185;-0.011356;-0.011356;120
CAT;2010-07-30;2010;7;14912310;69.75;630472;0.168470;0.161145;120
CAT;2010-08-31;2010;8;14912310;65.16;630472;-0.065806;-0.065806;120
CAT;2010-09-30;2010;9;14912310;78.68;630472;0.207489;0.207489;120
CAT;2010-10-29;2010;10;14912310;78.6;630472;0.004575;-0.001017;120
CAT;2010-11-30;2010;11;14912310;84.6;634703;0.076336;0.076336;120
CAT;2010-12-31;2010;12;14912310;93.66;634703;0.107092;0.107092;120
CAT;2011-01-31;2011;1;14912310;97.01;634703;0.040465;0.035768;120
CAT;2011-02-28;2011;2;14912310;102.93;638823;0.061025;0.061025;120
CAT;2011-03-31;2011;3;14912310;111.35;638823;0.081803;0.081803;120
CAT;2011-04-29;2011;4;14912310;115.41;644693;0.040413;0.036462;120
CAT;2011-05-31;2011;5;14912310;105.8;644693;-0.083268;-0.083268;120
CAT;2011-06-30;2011;6;14912310;106.46;644693;0.006238;0.006238;120
CAT;2011-07-29;2011;7;14912310;98.79;644693;-0.067725;-0.072046;120
CAT;2011-08-31;2011;8;14912310;91;646066;-0.078854;-0.078854;120
CAT;2011-09-30;2011;9;14912310;73.84;646066;-0.188571;-0.188571;120
CAT;2011-10-31;2011;10;14912310;94.46;646066;0.285482;0.279252;120
CAT;2011-11-30;2011;11;14912310;97.88;646620;0.036206;0.036206;120
CAT;2011-12-30;2011;12;14912310;90.6;646620;-0.074377;-0.074377;120
CAT;2012-01-31;2012;1;14912310;109.12;646620;0.209492;0.204415;120
CAT;2012-02-29;2012;2;14912310;114.21;647533;0.046646;0.046646;120
CAT;2012-03-30;2012;3;14912310;106.52;647533;-0.067332;-0.067332;120
CAT;2012-04-30;2012;4;14912310;102.77;652500;-0.030886;-0.035205;120
CAT;2012-05-31;2012;5;14912310;87.62;652500;-0.147417;-0.147417;120
CAT;2012-06-29;2012;6;14912310;84.91;652500;-0.030929;-0.030929;120
CAT;2012-07-31;2012;7;14912310;84.21;652500;-0.002120;-0.008244;120
CAT;2012-08-31;2012;8;14912310;85.33;653269;0.013300;0.013300;120
CAT;2012-09-28;2012;9;14912310;86.04;653269;0.008321;0.008321;120
CAT;2012-10-31;2012;10;14912310;84.81;653269;-0.008252;-0.014296;120
CAT;2012-11-30;2012;11;14912310;85.24;653934;0.005070;0.005070;120
CAT;2012-12-31;2012;12;14912310;89.6085;653934;0.057350;0.051249;120
CAT;2013-01-31;2013;1;14912310;98.39;653934;0.097999;0.097999;120
CAT;2013-02-28;2013;2;14912310;92.37;655048;-0.061185;-0.061185;120
CAT;2013-03-28;2013;3;14912310;86.97;655048;-0.058461;-0.058461;120
CAT;2013-04-30;2013;4;14912310;84.67;657700;-0.020467;-0.026446;120
CAT;2013-05-31;2013;5;14912310;85.8;657700;0.013346;0.013346;120
CAT;2013-06-28;2013;6;14912310;82.49;657700;-0.038578;-0.038578;120
CAT;2013-07-31;2013;7;14912310;82.91;657700;0.012365;0.005092;120
CAT;2013-08-30;2013;8;14912310;82.54;647615;-0.004463;-0.004463;120
CAT;2013-09-30;2013;9;14912310;83.4;647615;0.010419;0.010419;120
CAT;2013-10-31;2013;10;14912310;83.36;647615;0.006715;-0.000480;120
CAT;2013-11-29;2013;11;14912310;84.6;636356;0.014875;0.014875;120
CAT;2013-12-31;2013;12;14912310;90.81;636356;0.073404;0.073404;120
CAT;2014-01-31;2014;1;14912310;93.91;636356;0.040744;0.034137;120
CAT;2014-02-28;2014;2;14912310;96.97;637822;0.032584;0.032584;120
CAT;2014-03-31;2014;3;14912310;99.37;637822;0.024750;0.024750;120
CAT;2014-04-30;2014;4;14912310;105.4;625500;0.066720;0.060682;120
CAT;2014-05-30;2014;5;14912310;102.23;624234;-0.030076;-0.030076;120
CAT;2014-06-30;2014;6;14912310;108.67;624234;0.062995;0.062995;120
CAT;2014-07-31;2014;7;14912310;100.75;624234;-0.066440;-0.072881;120
CAT;2014-08-29;2014;8;14912310;109.07;627847;0.082581;0.082581;120
CAT;2014-09-30;2014;9;14912310;99.03;627847;-0.092051;-0.092051;120
CAT;2014-10-31;2014;10;14912310;101.41;605399;0.031102;0.024033;120
CAT;2014-11-28;2014;11;14912310;100.6;605399;-0.007987;-0.007987;120
CAT;2014-12-31;2014;12;14912310;91.53;605399;-0.090159;-0.090159;120
DTE;2005-01-31;2005;1;23333110;43.81;173958;0.015766;0.015766;120
DTE;2005-02-28;2005;2;23333110;44.22;174209;0.009359;0.009359;120
DTE;2005-03-31;2005;3;23333110;45.48;174184;0.040140;0.028494;120
DTE;2005-04-29;2005;4;23333110;45.95;174184;0.010334;0.010334;120
DTE;2005-05-31;2005;5;23333110;47.54;174175;0.034603;0.034603;120
DTE;2005-06-30;2005;6;23333110;46.77;174175;-0.005364;-0.016197;120
DTE;2005-07-29;2005;7;23333110;47;174159;0.004918;0.004918;120
DTE;2005-08-31;2005;8;23333110;45.77;174159;-0.026170;-0.026170;120
DTE;2005-09-30;2005;9;23333110;45.86;174159;0.013218;0.001966;120
DTE;2005-10-31;2005;10;23333110;43.2;174159;-0.058003;-0.058003;120
DTE;2005-11-30;2005;11;23333110;43.64;177826;0.010185;0.010185;120
DTE;2005-12-30;2005;12;23333110;43.19;177826;0.001489;-0.010312;120
DTE;2006-01-31;2006;1;23333110;42.2;177826;-0.022922;-0.022922;120
DTE;2006-02-28;2006;2;23333110;43.3;177814;0.026066;0.026066;120
DTE;2006-03-31;2006;3;23333110;40.09;177773;-0.062240;-0.074134;120
DTE;2006-04-28;2006;4;23333110;40.78;177770;0.017211;0.017211;120
DTE;2006-05-31;2006;5;23333110;40.42;177770;-0.008828;-0.008828;120
DTE;2006-06-30;2006;6;23333110;40.74;177770;0.020658;0.007917;120
DTE;2006-07-31;2006;7;23333110;42.32;177761;0.038782;0.038782;120
DTE;2006-08-31;2006;8;23333110;41.74;177761;-0.013705;-0.013705;120
DTE;2006-09-29;2006;9;23333110;41.51;177761;0.006828;-0.005510;120
DTE;2006-10-31;2006;10;23333110;45.43;177761;0.094435;0.094435;120
DTE;2006-11-30;2006;11;23333110;47.09;177965;0.036540;0.036540;120
DTE;2006-12-29;2006;12;23333110;48.41;177965;0.039286;0.028031;120
DTE;2007-01-31;2007;1;23333110;46.37;177965;-0.042140;-0.042140;120
DTE;2007-02-28;2007;2;23333110;46.3;177138;-0.001510;-0.001510;120
DTE;2007-03-30;2007;3;23333110;47.9;177071;0.046004;0.034557;120
DTE;2007-04-30;2007;4;23333110;50.59;177071;0.056159;0.056159;120
DTE;2007-05-31;2007;5;23333110;52.88;176065;0.045266;0.045266;120
DTE;2007-06-29;2007;6;23333110;48.22;176065;-0.078101;-0.088124;120
DTE;2007-07-31;2007;7;23333110;46.38;176065;-0.038158;-0.038158;120
DTE;2007-08-31;2007;8;23333110;47.81;170650;0.030832;0.030832;120
DTE;2007-09-28;2007;9;23333110;48.44;170650;0.024263;0.013177;120
DTE;2007-10-31;2007;10;23333110;49.6;170650;0.023947;0.023947;120
DTE;2007-11-30;2007;11;23333110;49.05;163714;-0.011089;-0.011089;120
DTE;2007-12-31;2007;12;23333110;43.96;163714;-0.092966;-0.103772;120
DTE;2008-01-31;2008;1;23333110;42.63;163714;-0.030255;-0.030255;120
DTE;2008-02-29;2008;2;23333110;39.81;162232;-0.066151;-0.066151;120
DTE;2008-03-31;2008;3;23333110;38.89;163230;-0.009797;-0.023110;120
DTE;2008-04-30;2008;4;23333110;40.31;163149;0.036513;0.036513;120
DTE;2008-05-30;2008;5;23333110;44.24;163149;0.097494;0.097494;120
DTE;2008-06-30;2008;6;23333110;42.44;163149;-0.028707;-0.040687;120
DTE;2008-07-31;2008;7;23333110;40.98;163095;-0.034401;-0.034401;120
DTE;2008-08-29;2008;8;23333110;42.16;163095;0.028795;0.028795;120
DTE;2008-09-30;2008;9;23333110;40.12;163095;-0.035816;-0.048387;120
DTE;2008-10-31;2008;10;23333110;35.3;163025;-0.120140;-0.120140;120
DTE;2008-11-28;2008;11;23333110;37.19;163025;0.053541;0.053541;120
DTE;2008-12-31;2008;12;23333110;35.67;163025;-0.026620;-0.040871;120
DTE;2009-01-30;2009;1;23333110;34.5;163025;-0.032801;-0.032801;120
DTE;2009-02-27;2009;2;23333110;26.77;163020;-0.224058;-0.224058;120
DTE;2009-03-31;2009;3;23333110;27.7;163329;0.054539;0.034740;120
DTE;2009-04-30;2009;4;23333110;29.57;163329;0.067509;0.067509;120
DTE;2009-05-29;2009;5;23333110;30.25;163877;0.022996;0.022996;120
DTE;2009-06-30;2009;6;23333110;32;163877;0.075372;0.057851;120
DTE;2009-07-31;2009;7;23333110;34.46;164473;0.076875;0.076875;120
DTE;2009-08-31;2009;8;23333110;34.78;164473;0.009286;0.009286;120
DTE;2009-09-30;2009;9;23333110;35.14;164473;0.025589;0.010351;120
DTE;2009-10-30;2009;10;23333110;36.98;164473;0.052362;0.052362;120
DTE;2009-11-30;2009;11;23333110;40.11;164928;0.084640;0.084640;120
DTE;2009-12-31;2009;12;23333110;43.59;164928;0.099975;0.086761;120
DTE;2010-01-29;2010;1;23333110;42.04;164928;-0.035559;-0.035559;120
DTE;2010-02-26;2010;2;23333110;43.42;165634;0.032826;0.032826;120
DTE;2010-03-31;2010;3;23333110;44.6;165731;0.039383;0.027176;120
DTE;2010-04-30;2010;4;23333110;48.17;168410;0.080045;0.080045;120
DTE;2010-05-28;2010;5;23333110;45.51;168410;-0.055221;-0.055221;120
DTE;2010-06-30;2010;6;23333110;45.61;168410;0.013843;0.002197;120
DTE;2010-07-30;2010;7;23333110;46.16;168792;0.012059;0.012059;120
DTE;2010-08-31;2010;8;23333110;46.85;168792;0.014948;0.014948;120
DTE;2010-09-30;2010;9;23333110;45.93;168792;-0.007684;-0.019637;120
DTE;2010-10-29;2010;10;23333110;46.76;169117;0.018071;0.018071;120
DTE;2010-11-30;2010;11;23333110;44.55;169117;-0.047263;-0.047263;120
DTE;2010-12-31;2010;12;23333110;45.32;169117;0.029854;0.017284;120
DTE;2011-01-31;2011;1;23333110;46.26;169117;0.020741;0.020741;120
DTE;2011-02-28;2011;2;23333110;47.08;169443;0.017726;0.017726;120
DTE;2011-03-31;2011;3;23333110;48.96;169372;0.051827;0.039932;120
DTE;2011-04-29;2011;4;23333110;50.53;169346;0.032067;0.032067;120
DTE;2011-05-31;2011;5;23333110;51.62;169346;0.021571;0.021571;120
DTE;2011-06-30;2011;6;23333110;50.02;169346;-0.019614;-0.030996;120
DTE;2011-07-29;2011;7;23333110;49.84;169329;-0.003599;-0.003599;120
DTE;2011-08-31;2011;8;23333110;50.56;169329;0.014446;0.014446;120
DTE;2011-09-30;2011;9;23333110;49.02;169329;-0.018839;-0.030459;120
DTE;2011-10-31;2011;10;23333110;52.11;169329;0.063035;0.063035;120
DTE;2011-11-30;2011;11;23333110;52.65;169251;0.010363;0.010363;120
DTE;2011-12-30;2011;12;23333110;54.45;169251;0.045347;0.034188;120
DTE;2012-01-31;2012;1;23333110;53.21;169251;-0.022773;-0.022773;120
DTE;2012-02-29;2012;2;23333110;53.99;169403;0.014659;0.014659;120
DTE;2012-03-30;2012;3;23333110;55.03;170049;0.030144;0.019263;120
DTE;2012-04-30;2012;4;23333110;56.38;170112;0.024532;0.024532;120
DTE;2012-05-31;2012;5;23333110;56.83;170112;0.007982;0.007982;120
DTE;2012-06-29;2012;6;23333110;59.33;170112;0.054329;0.043991;120
DTE;2012-07-31;2012;7;23333110;61.37;171755;0.034384;0.034384;120
DTE;2012-08-31;2012;8;23333110;58.4;171755;-0.048395;-0.048395;120
DTE;2012-09-28;2012;9;23333110;59.94;171755;0.036986;0.026370;120
DTE;2012-10-31;2012;10;23333110;62.1;172073;0.036036;0.036036;120
DTE;2012-11-30;2012;11;23333110;60.58;172073;-0.024477;-0.024477;120
DTE;2012-12-31;2012;12;23333110;60.05;172073;0.001486;-0.008749;120
DTE;2013-01-31;2013;1;23333110;63.31;172073;0.054288;0.054288;120
DTE;2013-02-28;2013;2;23333110;66.8;172546;0.055126;0.055126;120
DTE;2013-03-28;2013;3;23333110;68.34;173146;0.032335;0.023054;120
DTE;2013-04-30;2013;4;23333110;72.88;173951;0.066433;0.066433;120
DTE;2013-05-31;2013;5;23333110;66.61;173951;-0.086032;-0.086032;120
DTE;2013-06-28;2013;6;23333110;67.01;173951;0.015838;0.006005;120
DTE;2013-07-31;2013;7;23333110;70.7;174960;0.055066;0.055066;120
DTE;2013-08-30;2013;8;23333110;66.87;174960;-0.054172;-0.054172;120
DTE;2013-09-30;2013;9;23333110;65.98;174960;-0.003514;-0.013309;120
DTE;2013-10-31;2013;10;23333110;69.14;176797;0.047893;0.047893;120
DTE;2013-11-29;2013;11;23333110;66.74;176797;-0.034712;-0.034712;120
DTE;2013-12-31;2013;12;23333110;66.39;176797;0.004570;-0.005244;120
DTE;2014-01-31;2014;1;23333110;68.22;176797;0.027564;0.027564;120
DTE;2014-02-28;2014;2;23333110;71.76;177086;0.051891;0.051891;120
DTE;2014-03-31;2014;3;23333110;74.29;177019;0.044384;0.035256;120
DTE;2014-04-30;2014;4;23333110;78.14;177017;0.051824;0.051824;120
DTE;2014-05-30;2014;5;23333110;76.12;177017;-0.025851;-0.025851;120
DTE;2014-06-30;2014;6;23333110;77.87;177017;0.031595;0.022990;120
DTE;2014-07-31;2014;7;23333110;73.82;176993;-0.052010;-0.052010;120
DTE;2014-08-29;2014;8;23333110;78.25;176993;0.060011;0.060011;120
DTE;2014-09-30;2014;9;23333110;76.08;176993;-0.018914;-0.027732;120
DTE;2014-10-31;2014;10;23333110;82.16;176991;0.079916;0.079916;120
DTE;2014-11-28;2014;11;23333110;81.46;176991;-0.008520;-0.008520;120
DTE;2014-12-31;2014;12;23333110;86.37;176991;0.068745;0.060275;120
EWJ;2005-01-31;2005;1;46428684;10.59;611400;-0.030220;-0.030220;120
EWJ;2005-02-28;2005;2;46428684;10.81;635400;0.020774;0.020774;120
EWJ;2005-03-31;2005;3;46428684;10.49;643800;-0.029602;-0.029602;120
EWJ;2005-04-29;2005;4;46428684;10.25;625800;-0.022879;-0.022879;120
EWJ;2005-05-31;2005;5;46428684;10.12;616800;-0.012683;-0.012683;120
EWJ;2005-06-30;2005;6;46428684;10.14;617400;0.001976;0.001976;120
EWJ;2005-07-29;2005;7;46428684;10.25;614400;0.010848;0.010848;120
EWJ;2005-08-31;2005;8;46428684;11.13;658200;0.085854;0.085854;120
EWJ;2005-09-30;2005;9;46428684;12.19;732600;0.095238;0.095238;120
EWJ;2005-10-31;2005;10;46428684;12.11;834000;-0.006563;-0.006563;120
EWJ;2005-11-30;2005;11;46428684;12.46;919200;0.028902;0.028902;120
EWJ;2005-12-30;2005;12;46428684;13.52;961800;0.089718;0.085072;120
EWJ;2006-01-31;2006;1;46428684;14.02;984600;0.036982;0.036982;120
EWJ;2006-02-28;2006;2;46428684;13.8;977400;-0.015692;-0.015692;120
EWJ;2006-03-31;2006;3;46428684;14.4;993000;0.043478;0.043478;120
EWJ;2006-04-28;2006;4;46428684;14.8;1009800;0.027778;0.027778;120
EWJ;2006-05-31;2006;5;46428684;14;1009800;-0.054054;-0.054054;120
EWJ;2006-06-30;2006;6;46428684;13.64;999000;-0.025714;-0.025714;120
EWJ;2006-07-31;2006;7;46428684;13.57;990600;-0.005132;-0.005132;120
EWJ;2006-08-31;2006;8;46428684;13.71;994200;0.010317;0.010317;120
EWJ;2006-09-29;2006;9;46428684;13.54;985800;-0.012400;-0.012400;120
EWJ;2006-10-31;2006;10;46428684;13.81;994200;0.019941;0.019941;120
EWJ;2006-11-30;2006;11;46428684;13.81;981000;0.000000;0.000000;120
EWJ;2006-12-29;2006;12;46428684;14.21;976200;0.036166;0.028964;120
EWJ;2007-01-31;2007;1;46428684;14.31;979200;0.007037;0.007037;120
EWJ;2007-02-28;2007;2;46428684;14.76;1000800;0.031447;0.031447;120
EWJ;2007-03-30;2007;3;46428684;14.57;1006200;-0.012873;-0.012873;120
EWJ;2007-04-30;2007;4;46428684;14.28;1005000;-0.019904;-0.019904;120
EWJ;2007-05-31;2007;5;46428684;14.6;957600;0.022409;0.022409;120
EWJ;2007-06-29;2007;6;46428684;14.51;933000;-0.006164;-0.006164;120
EWJ;2007-07-31;2007;7;46428684;14.43;912000;-0.005513;-0.005513;120
EWJ;2007-08-31;2007;8;46428684;14.07;840000;-0.024948;-0.024948;120
EWJ;2007-09-28;2007;9;46428684;14.34;819600;0.019190;0.019190;120
EWJ;2007-10-31;2007;10;46428684;14.36;809400;0.001395;0.001395;120
EWJ;2007-11-30;2007;11;46428684;14.07;765600;-0.020195;-0.020195;120
EWJ;2007-12-31;2007;12;46428684;13.29;768600;-0.045601;-0.055437;120
EWJ;2008-01-31;2008;1;46428684;12.72;768600;-0.042889;-0.042889;120
EWJ;2008-02-29;2008;2;46428684;12.53;768600;-0.014937;-0.014937;120
EWJ;2008-03-31;2008;3;46428684;12.37;768600;-0.012769;-0.012769;120
EWJ;2008-04-30;2008;4;46428684;13.28;606000;0.073565;0.073565;120
EWJ;2008-05-30;2008;5;46428684;13.54;613800;0.019578;0.019578;120
EWJ;2008-06-30;2008;6;46428684;12.47;654600;-0.074628;-0.079025;120
EWJ;2008-07-31;2008;7;46428684;12;660600;-0.037690;-0.037690;120
EWJ;2008-08-29;2008;8;46428684;11.41;645600;-0.049167;-0.049167;120
EWJ;2008-09-30;2008;9;46428684;10.66;645000;-0.065732;-0.065732;120
EWJ;2008-10-31;2008;10;46428684;9;641400;-0.155722;-0.155722;120
EWJ;2008-11-28;2008;11;46428684;8.66;632400;-0.037778;-0.037778;120
EWJ;2008-12-31;2008;12;46428684;9.58;603600;0.114886;0.106236;120
EWJ;2009-01-30;2009;1;46428684;8.43;591600;-0.120042;-0.120042;120
EWJ;2009-02-27;2009;2;46428684;7.37;558600;-0.125741;-0.125741;120
EWJ;2009-03-31;2009;3;46428684;7.9;532800;0.071913;0.071913;120
EWJ;2009-04-30;2009;4;46428684;8.51;534000;0.077215;0.077215;120
EWJ;2009-05-29;2009;5;46428684;9.37;569400;0.101058;0.101058;120
EWJ;2009-06-30;2009;6;46428684;9.43;555600;0.011731;0.006403;120
EWJ;2009-07-31;2009;7;46428684;9.87;590400;0.046660;0.046660;120
EWJ;2009-08-31;2009;8;46428684;10.22;597000;0.035461;0.035461;120
EWJ;2009-09-30;2009;9;46428684;9.94;530400;-0.027397;-0.027397;120
EWJ;2009-10-30;2009;10;46428684;9.55;509400;-0.039235;-0.039235;120
EWJ;2009-11-30;2009;11;46428684;9.56;494400;0.001047;0.001047;120
EWJ;2009-12-31;2009;12;46428684;9.74;492000;0.028031;0.018828;120
EWJ;2010-01-29;2010;1;46428684;9.84;507600;0.010267;0.010267;120
EWJ;2010-02-26;2010;2;46428684;9.94;529200;0.010163;0.010163;120
EWJ;2010-03-31;2010;3;46428684;10.44;525600;0.050302;0.050302;120
EWJ;2010-04-30;2010;4;46428684;10.39;534000;-0.004789;-0.004789;120
EWJ;2010-05-28;2010;5;46428684;9.51;519000;-0.084697;-0.084697;120
EWJ;2010-06-30;2010;6;46428684;9.2;495000;-0.025366;-0.032597;120
EWJ;2010-07-30;2010;7;46428684;9.63;469200;0.046739;0.046739;120
EWJ;2010-08-31;2010;8;46428684;9.38;430200;-0.025961;-0.025961;120
EWJ;2010-09-30;2010;9;46428684;9.885;405000;0.053838;0.053838;120
EWJ;2010-10-29;2010;10;46428684;10.02;400800;0.013657;0.013657;120
EWJ;2010-11-30;2010;11;46428684;10.27;391800;0.024950;0.024950;120
EWJ;2010-12-31;2010;12;46428684;10.91;437400;0.069426;0.062317;120
EWJ;2011-01-31;2011;1;46428684;10.93;454800;0.001833;0.001833;120
EWJ;2011-02-28;2011;2;46428684;11.53;539400;0.054895;0.054895;120
EWJ;2011-03-31;2011;3;46428684;10.315;709800;-0.105377;-0.105377;120
EWJ;2011-04-29;2011;4;46428684;10.53;724200;0.020843;0.020843;120
EWJ;2011-05-31;2011;5;46428684;10.27;708600;-0.024691;-0.024691;120
EWJ;2011-06-30;2011;6;46428684;10.43;694800;0.024174;0.015579;120
EWJ;2011-07-29;2011;7;46428684;10.71;767400;0.026846;0.026846;120
EWJ;2011-08-31;2011;8;46428684;9.85;739200;-0.080299;-0.080299;120
EWJ;2011-09-30;2011;9;46428684;9.46;687000;-0.039594;-0.039594;120
EWJ;2011-10-31;2011;10;46428684;9.4;661800;-0.006343;-0.006343;120
EWJ;2011-11-30;2011;11;46428684;9.43;639000;0.003192;0.003192;120
EWJ;2011-12-30;2011;12;46428684;9.11;585000;-0.022701;-0.033934;120
EWJ;2012-01-31;2012;1;46428684;9.545;539400;0.047750;0.047750;120
EWJ;2012-02-29;2012;2;46428684;9.99;499800;0.046621;0.046621;120
EWJ;2012-03-30;2012;3;46428684;10.175;565200;0.018519;0.018519;120
EWJ;2012-04-30;2012;4;46428684;9.74;565800;-0.042752;-0.042752;120
EWJ;2012-05-31;2012;5;46428684;8.89;545400;-0.087269;-0.087269;120
EWJ;2012-06-29;2012;6;46428684;9.41;534000;0.068382;0.058493;120
EWJ;2012-07-31;2012;7;46428684;8.99;531600;-0.044633;-0.044633;120
EWJ;2012-08-31;2012;8;46428684;9.06;522000;0.007787;0.007787;120
EWJ;2012-09-28;2012;9;46428684;9.17;460200;0.012141;0.012141;120
EWJ;2012-10-31;2012;10;46428684;9.055;455400;-0.012541;-0.012541;120
EWJ;2012-11-30;2012;11;46428684;9.325;454200;0.029818;0.029818;120
EWJ;2012-12-31;2012;12;46428684;9.75;534600;0.056408;0.045576;120
EWJ;2013-01-31;2013;1;46428684;9.97;574800;0.022564;0.022564;120
EWJ;2013-02-28;2013;2;46428684;10.21;597600;0.024072;0.024072;120
EWJ;2013-03-28;2013;3;46428684;10.8;666600;0.057786;0.057786;120
EWJ;2013-04-30;2013;4;46428684;11.7;909000;0.083333;0.083333;120
EWJ;2013-05-31;2013;5;46428684;10.84;1048800;-0.073504;-0.073504;120
EWJ;2013-06-28;2013;6;46428684;11.22;979200;0.039414;0.035055;120
EWJ;2013-07-31;2013;7;46428684;11.225;1029600;0.000446;0.000446;120
EWJ;2013-08-30;2013;8;46428684;10.87;954000;-0.031626;-0.031626;120
EWJ;2013-09-30;2013;9;46428684;11.92;1012800;0.096596;0.096596;120
EWJ;2013-10-31;2013;10;46428684;11.905;1051800;-0.001258;-0.001258;120
EWJ;2013-11-29;2013;11;46428684;12.06;1108800;0.013020;0.013020;120
EWJ;2013-12-31;2013;12;46428684;12.139;1161000;0.013825;0.006551;120
EWJ;2014-01-31;2014;1;46428684;11.33;1168800;-0.066645;-0.066645;120
EWJ;2014-02-28;2014;2;46428684;11.61;1212600;0.024713;0.024713;120
EWJ;2014-03-31;2014;3;46428684;11.33;1233600;-0.024117;-0.024117;120
EWJ;2014-04-30;2014;4;46428684;11.08;1236000;-0.022065;-0.022065;120
EWJ;2014-05-30;2014;5;46428684;11.58;1182000;0.045126;0.045126;120
EWJ;2014-06-30;2014;6;46428684;12.04;1205400;0.046846;0.039724;120
EWJ;2014-07-31;2014;7;46428684;12;1252200;-0.003322;-0.003322;120
EWJ;2014-08-29;2014;8;46428684;11.8;1245000;-0.016667;-0.016667;120
EWJ;2014-09-30;2014;9;46428684;11.77;1226400;-0.002542;-0.002542;120
EWJ;2014-10-31;2014;10;46428684;12.06;1200000;0.024639;0.024639;120
EWJ;2014-11-28;2014;11;46428684;11.62;1348800;-0.036484;-0.036484;120
EWJ;2014-12-31;2014;12;46428684;11.24;1278600;-0.026995;-0.032702;120
F;2005-01-31;2005;1;34537086;13.17;1758816;-0.093579;-0.100410;120
F;2005-02-28;2005;2;34537086;12.65;1758816;-0.039484;-0.039484;120
F;2005-03-31;2005;3;34537086;11.33;1760048;-0.104348;-0.104348;120
F;2005-04-29;2005;4;34537086;9.11;1760026;-0.187114;-0.195940;120
F;2005-05-31;2005;5;34537086;9.98;1769501;0.095499;0.095499;120
F;2005-06-30;2005;6;34537086;10.24;1769501;0.026052;0.026052;120
F;2005-07-29;2005;7;34537086;10.74;1769501;0.058594;0.048828;120
F;2005-08-31;2005;8;34537086;9.97;1782198;-0.071695;-0.071695;120
F;2005-09-30;2005;9;34537086;9.86;1782198;-0.011033;-0.011033;120
F;2005-10-31;2005;10;34537086;8.32;1782198;-0.146045;-0.156187;120
F;2005-11-30;2005;11;34537086;8.13;1786760;-0.022836;-0.022836;120
F;2005-12-30;2005;12;34537086;7.72;1786760;-0.050431;-0.050431;120
F;2006-01-31;2006;1;34537086;8.58;1786760;0.124352;0.111399;120
F;2006-02-28;2006;2;34537086;7.97;1786760;-0.071096;-0.071096;120
F;2006-03-31;2006;3;34537086;7.96;1793286;-0.001255;-0.001255;120
F;2006-04-28;2006;4;34537086;6.95;1797253;-0.114322;-0.126884;120
F;2006-05-31;2006;5;34537086;7.16;1805099;0.030216;0.030216;120
F;2006-06-30;2006;6;34537086;6.93;1805099;-0.032123;-0.032123;120
F;2006-07-31;2006;7;34537086;6.67;1805099;-0.030303;-0.037518;120
F;2006-08-31;2006;8;34537086;8.37;1810158;0.254873;0.254873;120
F;2006-09-29;2006;9;34537086;8.09;1810158;-0.033453;-0.033453;120
F;2006-10-31;2006;10;34537086;8.28;1810158;0.023486;0.023486;120
F;2006-11-30;2006;11;34537086;8.13;1818042;-0.018116;-0.018116;120
F;2006-12-29;2006;12;34537086;7.51;1818042;-0.076261;-0.076261;120
F;2007-01-31;2007;1;34537086;8.13;1818042;0.082557;0.082557;120
F;2007-02-28;2007;2;34537086;7.91;1821686;-0.027060;-0.027060;120
F;2007-03-30;2007;3;34537086;7.89;1821686;-0.002528;-0.002528;120
F;2007-04-30;2007;4;34537086;8.04;1824373;0.019011;0.019011;120
F;2007-05-31;2007;5;34537086;8.34;1809296;0.037313;0.037313;120
F;2007-06-29;2007;6;34537086;9.42;1809296;0.129496;0.129496;120
F;2007-07-31;2007;7;34537086;8.51;1809296;-0.096603;-0.096603;120
F;2007-08-31;2007;8;34537086;7.81;2028742;-0.082256;-0.082256;120
F;2007-09-28;2007;9;34537086;8.49;2028742;0.087068;0.087068;120
F;2007-10-31;2007;10;34537086;8.87;2028742;0.044759;0.044759;120
F;2007-11-30;2007;11;34537086;7.51;2039353;-0.153326;-0.153326;120
F;2007-12-31;2007;12;34537086;6.73;2039353;-0.103862;-0.103862;120
F;2008-01-31;2008;1;34537086;6.64;2039353;-0.013373;-0.013373;120
F;2008-02-29;2008;2;34537086;6.53;2136150;-0.016566;-0.016566;120
F;2008-03-31;2008;3;34537086;5.72;2136150;-0.124043;-0.124043;120
F;2008-04-30;2008;4;34537086;8.26;2128849;0.444056;0.444056;120
F;2008-05-30;2008;5;34537086;6.8;2171148;-0.176755;-0.176755;120
F;2008-06-30;2008;6;34537086;4.81;2171148;-0.292647;-0.292647;120
F;2008-07-31;2008;7;34537086;4.8;2171148;-0.002079;-0.002079;120
F;2008-08-29;2008;8;34537086;4.46;2190498;-0.070833;-0.070833;120
F;2008-09-30;2008;9;34537086;5.2;2190498;0.165919;0.165919;120
F;2008-10-31;2008;10;34537086;2.19;2190498;-0.578846;-0.578846;120
F;2008-11-28;2008;11;34537086;2.69;2318003;0.228310;0.228310;120
F;2008-12-31;2008;12;34537086;2.29;2318003;-0.148699;-0.148699;120
F;2009-01-30;2009;1;34537086;1.87;2318003;-0.183406;-0.183406;120
F;2009-02-27;2009;2;34537086;2;2325469;0.069519;0.069519;120
F;2009-03-31;2009;3;34537086;2.63;2333013;0.315000;0.315000;120
F;2009-04-30;2009;4;34537086;5.98;2800922;1.273764;1.273764;120
F;2009-05-29;2009;5;34537086;5.75;3102398;-0.038462;-0.038462;120
F;2009-06-30;2009;6;34537086;6.07;3102398;0.055652;0.055652;120
F;2009-07-31;2009;7;34537086;8;3102398;0.317957;0.317957;120
F;2009-08-31;2009;8;34537086;7.6;3150438;-0.050000;-0.050000;120
F;2009-09-30;2009;9;34537086;7.21;3150438;-0.051316;-0.051316;120
F;2009-10-30;2009;10;34537086;7;3150438;-0.029126;-0.029126;120
F;2009-11-30;2009;11;34537086;8.89;3236249;0.270000;0.270000;120
F;2009-12-31;2009;12;34537086;10;3236249;0.124859;0.124859;120
F;2010-01-29;2010;1;34537086;10.84;3236249;0.084000;0.084000;120
F;2010-02-26;2010;2;34537086;11.74;3297414;0.083026;0.083026;120
F;2010-03-31;2010;3;34537086;12.57;3339877;0.070698;0.070698;120
F;2010-04-30;2010;4;34537086;13.02;3324320;0.035800;0.035800;120
F;2010-05-28;2010;5;34537086;11.73;3335729;-0.099078;-0.099078;120
F;2010-06-30;2010;6;34537086;10.08;3335729;-0.140665;-0.140665;120
F;2010-07-30;2010;7;34537086;12.77;3335729;0.266865;0.266865;120
F;2010-08-31;2010;8;34537086;11.285;3368467;-0.116288;-0.116288;120
F;2010-09-30;2010;9;34537086;12.24;3368467;0.084626;0.084626;120
F;2010-10-29;2010;10;34537086;14.13;3401000;0.154412;0.154412;120
F;2010-11-30;2010;11;34537086;15.94;3401803;0.128096;0.128096;120
F;2010-12-31;2010;12;34537086;16.79;3401803;0.053325;0.053325;120
F;2011-01-31;2011;1;34537086;15.95;3401803;-0.050030;-0.050030;120
F;2011-02-28;2011;2;34537086;15.05;3711859;-0.056426;-0.056426;120
F;2011-03-31;2011;3;34537086;14.91;3711859;-0.009302;-0.009302;120
F;2011-04-29;2011;4;34537086;15.47;3725990;0.037559;0.037559;120
F;2011-05-31;2011;5;34537086;14.92;3727333;-0.035553;-0.035553;120
F;2011-06-30;2011;6;34537086;13.79;3727333;-0.075737;-0.075737;120
F;2011-07-29;2011;7;34537086;12.21;3727333;-0.114576;-0.114576;120
F;2011-08-31;2011;8;34537086;11.12;3728977;-0.089271;-0.089271;120
F;2011-09-30;2011;9;34537086;9.67;3728977;-0.130396;-0.130396;120
F;2011-10-31;2011;10;34537086;11.68;3728977;0.207859;0.207859;120
F;2011-11-30;2011;11;34537086;10.6;3729248;-0.092466;-0.092466;120
F;2011-12-30;2011;12;34537086;10.76;3729248;0.015094;0.015094;120
F;2012-01-31;2012;1;34537086;12.42;3729248;0.158922;0.154275;120
F;2012-02-29;2012;2;34537086;12.38;3729895;-0.003221;-0.003221;120
F;2012-03-30;2012;3;34537086;12.475;3729895;0.007674;0.007674;120
F;2012-04-30;2012;4;34537086;11.28;3745046;-0.091784;-0.095792;120
F;2012-05-31;2012;5;34537086;10.56;3745515;-0.063830;-0.063830;120
F;2012-06-29;2012;6;34537086;9.59;3745515;-0.091856;-0.091856;120
F;2012-07-31;2012;7;34537086;9.24;3745515;-0.036496;-0.036496;120
F;2012-08-31;2012;8;34537086;9.34;3743134;0.016234;0.010823;120
F;2012-09-28;2012;9;34537086;9.86;3743134;0.055674;0.055674;120
F;2012-10-31;2012;10;34537086;11.16;3743134;0.136917;0.131846;120
F;2012-11-30;2012;11;34537086;11.45;3741810;0.025986;0.025986;120
F;2012-12-31;2012;12;34537086;12.95;3741810;0.131004;0.131004;120
F;2013-01-31;2013;1;34537086;12.95;3741810;0.007722;0.000000;120
F;2013-02-28;2013;2;34537086;12.61;3851396;-0.026255;-0.026255;120
F;2013-03-28;2013;3;34537086;13.15;3858409;0.042823;0.042823;120
F;2013-04-30;2013;4;34537086;13.71;3858409;0.042586;0.042586;120
F;2013-05-31;2013;5;34537086;15.68;3860354;0.150985;0.143691;120
F;2013-06-28;2013;6;34537086;15.47;3860354;-0.013393;-0.013393;120
F;2013-07-31;2013;7;34537086;16.88;3868816;0.097608;0.091144;120
F;2013-08-30;2013;8;34537086;16.19;3868816;-0.040877;-0.040877;120
F;2013-09-30;2013;9;34537086;16.87;3868816;0.042001;0.042001;120
F;2013-10-31;2013;10;34537086;17.11;3868816;0.020154;0.014226;120
F;2013-11-29;2013;11;34537086;17.08;3873585;-0.001753;-0.001753;120
F;2013-12-31;2013;12;34537086;15.43;3873585;-0.096604;-0.096604;120
F;2014-01-31;2014;1;34537086;14.96;3873585;-0.022359;-0.030460;120
F;2014-02-28;2014;2;34537086;15.39;3872970;0.028743;0.028743;120
F;2014-03-31;2014;3;34537086;15.6;3881660;0.013645;0.013645;120
F;2014-04-30;2014;4;34537086;16.15;3881660;0.043269;0.035256;120
F;2014-05-30;2014;5;34537086;16.44;3883471;0.017957;0.017957;120
F;2014-06-30;2014;6;34537086;17.24;3883471;0.048662;0.048662;120
F;2014-07-31;2014;7;34537086;17.02;3807606;-0.005510;-0.012761;120
F;2014-08-29;2014;8;34537086;17.41;3807606;0.022914;0.022914;120
F;2014-09-30;2014;9;34537086;14.79;3807606;-0.150488;-0.150488;120
F;2014-10-31;2014;10;34537086;14.09;3777835;-0.038878;-0.047329;120
F;2014-11-28;2014;11;34537086;15.73;3777835;0.116395;0.116395;120
F;2014-12-31;2014;12;34537086;15.5;3777835;-0.014622;-0.014622;120
GS;2005-01-31;2005;1;38141G10;107.85;484186;0.039023;0.036621;120
GS;2005-02-28;2005;2;38141G10;108.8;481466;0.008809;0.008809;120
GS;2005-03-31;2005;3;38141G10;109.99;481466;0.010937;0.010937;120
GS;2005-04-29;2005;4;38141G10;106.79;475140;-0.026821;-0.029094;120
GS;2005-05-31;2005;5;38141G10;97.5;475140;-0.086993;-0.086993;120
GS;2005-06-30;2005;6;38141G10;102.02;475140;0.046359;0.046359;120
GS;2005-07-29;2005;7;38141G10;107.48;464988;0.055969;0.053519;120
GS;2005-08-31;2005;8;38141G10;111.18;464988;0.034425;0.034425;120
GS;2005-09-30;2005;9;38141G10;121.58;464988;0.093542;0.093542;120
GS;2005-10-31;2005;10;38141G10;126.37;450799;0.041454;0.039398;120
GS;2005-11-30;2005;11;38141G10;128.96001;450799;0.020495;0.020495;120
GS;2005-12-30;2005;12;38141G10;127.71;450799;-0.009693;-0.009693;120
GS;2006-01-31;2006;1;38141G10;141.25;450799;0.107979;0.106021;120
GS;2006-02-28;2006;2;38141G10;141.28999;437934;0.000283;0.000283;120
GS;2006-03-31;2006;3;38141G10;156.96001;437934;0.110907;0.110907;120
GS;2006-04-28;2006;4;38141G10;160.28999;432047;0.023445;0.021216;120
GS;2006-05-31;2006;5;38141G10;150.95;432047;-0.058269;-0.058269;120
GS;2006-06-30;2006;6;38141G10;150.42999;432047;-0.003445;-0.003445;120
GS;2006-07-31;2006;7;38141G10;152.75;431696;0.017749;0.015423;120
GS;2006-08-31;2006;8;38141G10;148.64999;431696;-0.026841;-0.026841;120
GS;2006-09-29;2006;9;38141G10;169.17;431696;0.138042;0.138042;120
GS;2006-10-31;2006;10;38141G10;189.78999;425832;0.123958;0.121889;120
GS;2006-11-30;2006;11;38141G10;194.8;425832;0.026398;0.026398;120
GS;2006-12-29;2006;12;38141G10;199.35001;425832;0.023357;0.023357;120
GS;2007-01-31;2007;1;38141G10;212.16;425832;0.066015;0.064259;120
GS;2007-02-28;2007;2;38141G10;201.75;412952;-0.049067;-0.049067;120
GS;2007-03-30;2007;3;38141G10;206.63;438300;0.024188;0.024188;120
GS;2007-04-30;2007;4;38141G10;218.61;408470;0.059672;0.057978;120
GS;2007-05-31;2007;5;38141G10;230.82001;408470;0.055853;0.055853;120
GS;2007-06-29;2007;6;38141G10;216.75;408470;-0.060957;-0.060957;120
GS;2007-07-31;2007;7;38141G10;188.34;405655;-0.129458;-0.131073;120
GS;2007-08-31;2007;8;38141G10;176.00999;405655;-0.065467;-0.065467;120
GS;2007-09-28;2007;9;38141G10;216.74001;405655;0.231407;0.231407;120
GS;2007-10-31;2007;10;38141G10;247.92;397675;0.145474;0.143859;120
GS;2007-11-30;2007;11;38141G10;226.64;397675;-0.085834;-0.085834;120
GS;2007-12-31;2007;12;38141G10;215.05;397675;-0.051138;-0.051138;120
GS;2008-01-31;2008;1;38141G10;199.55;395907;-0.070449;-0.072076;120
GS;2008-02-29;2008;2;38141G10;169.63;395907;-0.149937;-0.149937;120
GS;2008-03-31;2008;3;38141G10;165.39;395111;-0.024996;-0.024996;120
GS;2008-04-30;2008;4;38141G10;191.37;394203;0.159199;0.157083;120
GS;2008-05-30;2008;5;38141G10;176.41;394203;-0.078173;-0.078173;120
GS;2008-06-30;2008;6;38141G10;174.89999;394203;-0.008560;-0.008560;120
GS;2008-07-31;2008;7;38141G10;184.03999;393805;0.054260;0.052258;120
GS;2008-08-29;2008;8;38141G10;163.97;393805;-0.109052;-0.109052;120
GS;2008-09-30;2008;9;38141G10;128;395092;-0.219369;-0.219369;120
GS;2008-10-31;2008;10;38141G10;92.5;395442;-0.274609;-0.277344;120
GS;2008-11-28;2008;11;38141G10;78.99;395442;-0.146054;-0.146054;120
GS;2008-12-31;2008;12;38141G10;84.39;442142;0.068363;0.068363;120
GS;2009-01-30;2009;1;38141G10;80.73;461784;-0.043370;-0.043370;120
GS;2009-02-27;2009;2;38141G10;91.08;461784;0.133986;0.128205;120
GS;2009-03-31;2009;3;38141G10;106.02;462148;0.164032;0.164032;120
GS;2009-04-30;2009;4;38141G10;128.5;502926;0.212036;0.212036;120
GS;2009-05-29;2009;5;38141G10;144.57001;503421;0.127782;0.125058;120
GS;2009-06-30;2009;6;38141G10;147.44;503421;0.019852;0.019852;120
GS;2009-07-31;2009;7;38141G10;163.3;503421;0.107569;0.107569;120
GS;2009-08-31;2009;8;38141G10;165.46001;511237;0.015371;0.013227;120
GS;2009-09-30;2009;9;38141G10;184.35001;511237;0.114167;0.114167;120
GS;2009-10-30;2009;10;38141G10;170.17;511237;-0.076919;-0.076919;120
GS;2009-11-30;2009;11;38141G10;169.66;514082;-0.000940;-0.002997;120
GS;2009-12-31;2009;12;38141G10;168.84;514082;-0.004833;-0.004833;120
GS;2010-01-29;2010;1;38141G10;148.72;514082;-0.119166;-0.119166;120
GS;2010-02-26;2010;2;38141G10;156.35001;514082;0.053658;0.051304;120
GS;2010-03-31;2010;3;38141G10;170.63;526853;0.091334;0.091334;120
GS;2010-04-30;2010;4;38141G10;145.2;526853;-0.149036;-0.149036;120
GS;2010-05-28;2010;5;38141G10;144.25999;514789;-0.004063;-0.006474;120
GS;2010-06-30;2010;6;38141G10;131.27;514789;-0.090046;-0.090046;120
GS;2010-07-30;2010;7;38141G10;150.82001;514789;0.148930;0.148930;120
GS;2010-08-31;2010;8;38141G10;136.92999;515616;-0.089776;-0.092097;120
GS;2010-09-30;2010;9;38141G10;144.58;515616;0.055868;0.055868;120
GS;2010-10-29;2010;10;38141G10;161.13;515616;0.114470;0.114470;120
GS;2010-11-30;2010;11;38141G10;156.14;511243;-0.028797;-0.030969;120
GS;2010-12-31;2010;12;38141G10;168.16;511243;0.076982;0.076982;120
GS;2011-01-31;2011;1;38141G10;163.62;511243;-0.026998;-0.026998;120
GS;2011-02-28;2011;2;38141G10;163.78;511243;0.003117;0.000978;120
GS;2011-03-31;2011;3;38141G10;158.60001;520507;-0.031628;-0.031628;120
GS;2011-04-29;2011;4;38141G10;151.00999;518027;-0.047856;-0.047856;120
GS;2011-05-31;2011;5;38141G10;140.73;517735;-0.065757;-0.068075;120
GS;2011-06-30;2011;6;38141G10;133.09;517735;-0.054288;-0.054288;120
GS;2011-07-29;2011;7;38141G10;134.97;507856;0.014126;0.014126;120
GS;2011-08-31;2011;8;38141G10;116.22;505794;-0.136327;-0.138920;120
GS;2011-09-30;2011;9;38141G10;94.55;505794;-0.186457;-0.186457;120
GS;2011-10-31;2011;10;38141G10;109.55;505794;0.158646;0.158646;120
GS;2011-11-30;2011;11;38141G10;95.86;492313;-0.121771;-0.124966;120
GS;2011-12-30;2011;12;38141G10;90.43;492313;-0.056645;-0.056645;120
GS;2012-01-31;2012;1;38141G10;111.47;492313;0.232666;0.232666;120
GS;2012-02-29;2012;2;38141G10;115.14;494904;0.036063;0.032924;120
GS;2012-03-30;2012;3;38141G10;124.37;494904;0.080163;0.080163;120
GS;2012-04-30;2012;4;38141G10;115.15;495142;-0.074134;-0.074134;120
GS;2012-05-31;2012;5;38141G10;95.7;491877;-0.164915;-0.168910;120
GS;2012-06-29;2012;6;38141G10;95.86;491877;0.001672;0.001672;120
GS;2012-07-31;2012;7;38141G10;100.9;491877;0.052577;0.052577;120
GS;2012-08-31;2012;8;38141G10;105.72;479417;0.052329;0.047770;120
GS;2012-09-28;2012;9;38141G10;113.68;479417;0.075293;0.075293;120
GS;2012-10-31;2012;10;38141G10;122.39;479417;0.076619;0.076619;120
GS;2012-11-30;2012;11;38141G10;117.79;469944;-0.033499;-0.037585;120
GS;2012-12-31;2012;12;38141G10;127.56;469944;0.082944;0.082944;120
GS;2013-01-31;2013;1;38141G10;147.86;480500;0.159141;0.159141;120
GS;2013-02-28;2013;2;38141G10;149.75999;480500;0.016232;0.012850;120
GS;2013-03-28;2013;3;38141G10;147.14999;465503;-0.017428;-0.017428;120
GS;2013-04-30;2013;4;38141G10;146.07001;460782;-0.007339;-0.007339;120
GS;2013-05-31;2013;5;38141G10;162.08;458505;0.113028;0.109605;120
GS;2013-06-28;2013;6;38141G10;151.25;458505;-0.066819;-0.066819;120
GS;2013-07-31;2013;7;38141G10;164.03;458505;0.084496;0.084496;120
GS;2013-08-30;2013;8;38141G10;152.13;449104;-0.069499;-0.072548;120
GS;2013-09-30;2013;9;38141G10;158.21001;449104;0.039966;0.039966;120
GS;2013-10-31;2013;10;38141G10;160.86;449104;0.016750;0.016750;120
GS;2013-11-29;2013;11;38141G10;168.94;453231;0.053649;0.050230;120
GS;2013-12-31;2013;12;38141G10;177.25999;453231;0.049248;0.049248;120
GS;2014-01-31;2014;1;38141G10;164.12;453231;-0.074128;-0.074128;120
GS;2014-02-28;2014;2;38141G10;166.45;452752;0.017548;0.014197;120
GS;2014-03-31;2014;3;38141G10;163.85001;452752;-0.015620;-0.015620;120
GS;2014-04-30;2014;4;38141G10;159.82001;449472;-0.024596;-0.024596;120
GS;2014-05-30;2014;5;38141G10;159.81;447176;0.003379;-0.000063;120
GS;2014-06-30;2014;6;38141G10;167.44;447176;0.047744;0.047744;120
GS;2014-07-31;2014;7;38141G10;172.87;457800;0.032429;0.032429;120
GS;2014-08-29;2014;8;38141G10;179.11;440580;0.039278;0.036097;120
GS;2014-09-30;2014;9;38141G10;183.57001;440580;0.024901;0.024901;120
GS;2014-10-31;2014;10;38141G10;189.99001;452800;0.034973;0.034973;120
GS;2014-11-28;2014;11;38141G10;188.41;435546;-0.005158;-0.008316;120
GS;2014-12-31;2014;12;38141G10;193.83;435546;0.028767;0.028767;120
HSY;2005-01-31;2005;1;42786610;58.49;185241;0.053115;0.053115;120
HSY;2005-02-28;2005;2;42786610;63;185241;0.080868;0.077107;120
HSY;2005-03-31;2005;3;42786610;60.46;184978;-0.040317;-0.040317;120
HSY;2005-04-29;2005;4;42786610;63.9;184978;0.056897;0.056897;120
HSY;2005-05-31;2005;5;42786610;64.21;183490;0.008294;0.004851;120
HSY;2005-06-30;2005;6;42786610;62.1;183490;-0.032861;-0.032861;120
HSY;2005-07-29;2005;7;42786610;63.87;183490;0.028502;0.028502;120
HSY;2005-08-31;2005;8;42786610;59.09;183934;-0.071004;-0.074840;120
HSY;2005-09-30;2005;9;42786610;56.31;183934;-0.047047;-0.047047;120
HSY;2005-10-31;2005;10;42786610;56.83;183853;0.009235;0.009235;120
HSY;2005-11-30;2005;11;42786610;54.22;180640;-0.041615;-0.045926;120
HSY;2005-12-30;2005;12;42786610;55.25;180640;0.018997;0.018997;120
HSY;2006-01-31;2006;1;42786610;51.2;180640;-0.073303;-0.073303;120
HSY;2006-02-28;2006;2;42786610;51.15;178131;0.003809;-0.000977;120
HSY;2006-03-31;2006;3;42786610;52.23;178131;0.021114;0.021114;120
HSY;2006-04-28;2006;4;42786610;53.34;178131;0.021252;0.021252;120
HSY;2006-05-31;2006;5;42786610;56.91;175985;0.071522;0.066929;120
HSY;2006-06-30;2006;6;42786610;55.07;175985;-0.032332;-0.032332;120
HSY;2006-07-31;2006;7;42786610;54.97;175779;-0.001816;-0.001816;120
HSY;2006-08-31;2006;8;42786610;53.96;173353;-0.013462;-0.018374;120
HSY;2006-09-29;2006;9;42786610;53.45;173353;-0.009451;-0.009451;120
HSY;2006-10-31;2006;10;42786610;52.91;173232;-0.010103;-0.010103;120
HSY;2006-11-30;2006;11;42786610;52.97;171023;0.006237;0.001134;120
HSY;2006-12-29;2006;12;42786610;49.8;171023;-0.059845;-0.059845;120
HSY;2007-01-31;2007;1;42786610;51.04;171023;0.024900;0.024900;120
HSY;2007-02-28;2007;2;42786610;52.9;169942;0.041732;0.036442;120
HSY;2007-03-30;2007;3;42786610;54.66;169969;0.033270;0.033270;120
HSY;2007-04-30;2007;4;42786610;54.96;169969;0.005488;0.005488;120
HSY;2007-05-31;2007;5;42786610;52.71;167756;-0.036026;-0.040939;120
HSY;2007-06-29;2007;6;42786610;50.62;167756;-0.039651;-0.039651;120
HSY;2007-07-31;2007;7;42786610;46.1;167756;-0.089293;-0.089293;120
HSY;2007-08-31;2007;8;42786610;46.5;167243;0.015130;0.008677;120
HSY;2007-09-28;2007;9;42786610;46.41;167243;-0.001935;-0.001935;120
HSY;2007-10-31;2007;10;42786610;43.11;167165;-0.071105;-0.071105;120
HSY;2007-11-30;2007;11;42786610;39.91;166239;-0.067328;-0.074229;120
HSY;2007-12-31;2007;12;42786610;39.4;166239;-0.012779;-0.012779;120
HSY;2008-01-31;2008;1;42786610;36.17;166873;-0.081980;-0.081980;120
HSY;2008-02-29;2008;2;42786610;37.08;166508;0.033384;0.025159;120
HSY;2008-03-31;2008;3;42786610;37.67;166274;0.015911;0.015911;120
HSY;2008-04-30;2008;4;42786610;37.38;166771;-0.007698;-0.007698;120
HSY;2008-05-30;2008;5;42786610;39.19;166237;0.056380;0.048422;120
HSY;2008-06-30;2008;6;42786610;32.78;166237;-0.163562;-0.163562;120
HSY;2008-07-31;2008;7;42786610;36.77;166701;0.121721;0.121721;120
HSY;2008-08-29;2008;8;42786610;36.09;166215;-0.010403;-0.018493;120
HSY;2008-09-30;2008;9;42786610;39.54;166215;0.095594;0.095594;120
HSY;2008-10-31;2008;10;42786610;37.24;166682;-0.058169;-0.058169;120
HSY;2008-11-28;2008;11;42786610;36;166394;-0.025309;-0.033298;120
HSY;2008-12-31;2008;12;42786610;34.74;166394;-0.035000;-0.035000;120
HSY;2009-01-30;2009;1;42786610;37.28;166734;0.073114;0.073114;120
HSY;2009-02-27;2009;2;42786610;33.69;166282;-0.088318;-0.096298;120
HSY;2009-03-31;2009;3;42786610;34.75;166296;0.031463;0.031463;120
HSY;2009-04-30;2009;4;42786610;36.14;166767;0.040000;0.040000;120
HSY;2009-05-29;2009;5;42786610;35.22;166317;-0.017225;-0.025457;120
HSY;2009-06-30;2009;6;42786610;36;166317;0.022146;0.022146;120
HSY;2009-07-31;2009;7;42786610;39.95;166846;0.109722;0.109722;120
HSY;2009-08-31;2009;8;42786610;39.23;166458;-0.010576;-0.018023;120
HSY;2009-09-30;2009;9;42786610;38.86;166458;-0.009432;-0.009432;120
HSY;2009-10-30;2009;10;42786610;37.79;167299;-0.027535;-0.027535;120
HSY;2009-11-30;2009;11;42786610;35.37;167011;-0.056166;-0.064038;120
HSY;2009-12-31;2009;12;42786610;35.79;167011;0.011875;0.011875;120
HSY;2010-01-29;2010;1;42786610;36.43;167011;0.017882;0.017882;120
HSY;2010-02-26;2010;2;42786610;39.76;167214;0.100192;0.091408;120
HSY;2010-03-31;2010;3;42786610;42.81;166182;0.076710;0.076710;120
HSY;2010-04-30;2010;4;42786610;47.01;166527;0.098108;0.098108;120
HSY;2010-05-28;2010;5;42786610;46.8;166527;0.002340;-0.004467;120
HSY;2010-06-30;2010;6;42786610;47.93;166527;0.024145;0.024145;120
HSY;2010-07-30;2010;7;42786610;47;166882;-0.019403;-0.019403;120
HSY;2010-08-31;2010;8;42786610;46.47;166412;-0.004468;-0.011277;120
HSY;2010-09-30;2010;9;42786610;47.59;166412;0.024102;0.024102;120
HSY;2010-10-29;2010;10;42786610;49.49;166900;0.039924;0.039924;120
HSY;2010-11-30;2010;11;42786610;46.8;166758;-0.047889;-0.054354;120
HSY;2010-12-31;2010;12;42786610;47.15;166758;0.007479;0.007479;120
HSY;2011-01-31;2011;1;42786610;46.69;166758;-0.009756;-0.009756;120
HSY;2011-02-28;2011;2;42786610;52.32;166595;0.127972;0.120583;120
HSY;2011-03-31;2011;3;42786610;54.35;166515;0.038800;0.038800;120
HSY;2011-04-29;2011;4;42786610;57.71;166452;0.061822;0.061822;120
HSY;2011-05-31;2011;5;42786610;55.73;164872;-0.028331;-0.034309;120
HSY;2011-06-30;2011;6;42786610;56.85;164872;0.020097;0.020097;120
HSY;2011-07-29;2011;7;42786610;56.44;166302;-0.007212;-0.007212;120
HSY;2011-08-31;2011;8;42786610;58.65;166802;0.045269;0.039157;120
HSY;2011-09-30;2011;9;42786610;59.24;166802;0.010060;0.010060;120
HSY;2011-10-31;2011;10;42786610;57.23;166802;-0.033930;-0.033930;120
HSY;2011-11-30;2011;11;42786610;57.68;164488;0.013891;0.007863;120
HSY;2011-12-30;2011;12;42786610;61.78;164488;0.071082;0.071082;120
HSY;2012-01-31;2012;1;42786610;61.08;164488;-0.011330;-0.011330;120
HSY;2012-02-29;2012;2;42786610;60.7;164889;-0.000000;-0.006221;120
HSY;2012-03-30;2012;3;42786610;61.33;163359;0.010379;0.010379;120
HSY;2012-04-30;2012;4;42786610;67.01;163359;0.092614;0.092614;120
HSY;2012-05-31;2012;5;42786610;66.86;163025;0.003432;-0.002238;120
HSY;2012-06-29;2012;6;42786610;72.03;163025;0.077326;0.077326;120
HSY;2012-07-31;2012;7;42786610;71.74;163025;-0.004026;-0.004026;120
HSY;2012-08-31;2012;8;42786610;71.82;165712;0.006412;0.001115;120
HSY;2012-09-28;2012;9;42786610;70.89;165712;-0.012949;-0.012949;120
HSY;2012-10-31;2012;10;42786610;68.85;165712;-0.028777;-0.028777;120
HSY;2012-11-30;2012;11;42786610;73.27;162572;0.070298;0.064198;120
HSY;2012-12-31;2012;12;42786610;72.22;162572;-0.014330;-0.014330;120
HSY;2013-01-31;2013;1;42786610;79.45;162572;0.100111;0.100111;120
HSY;2013-02-28;2013;2;42786610;83.34;163459;0.054248;0.048962;120
HSY;2013-03-28;2013;3;42786610;87.53;162967;0.050276;0.050276;120
HSY;2013-04-30;2013;4;42786610;89.16;162967;0.018622;0.018622;120
HSY;2013-05-31;2013;5;42786610;89.11;163102;0.004150;-0.000561;120
HSY;2013-06-28;2013;6;42786610;89.28;163102;0.001908;0.001908;120
HSY;2013-07-31;2013;7;42786610;94.87;163295;0.062612;0.062612;120
HSY;2013-08-30;2013;8;42786610;91.95;162564;-0.025667;-0.030779;120
HSY;2013-09-30;2013;9;42786610;92.5;162564;0.005982;0.005982;120
HSY;2013-10-31;2013;10;42786610;99.24;162564;0.072865;0.072865;120
HSY;2013-11-29;2013;11;42786610;96.89;162967;-0.018793;-0.023680;120
HSY;2013-12-31;2013;12;42786610;97.23;162967;0.003509;0.003509;120
HSY;2014-01-31;2014;1;42786610;99.4;162967;0.022318;0.022318;120
HSY;2014-02-28;2014;2;42786610;105.82;163185;0.069467;0.064588;120
HSY;2014-03-31;2014;3;42786610;104.4;162776;-0.013419;-0.013419;120
HSY;2014-04-30;2014;4;42786610;96.24;162776;-0.078161;-0.078161;120
HSY;2014-05-30;2014;5;42786610;97.34;162080;0.016469;0.011430;120
HSY;2014-06-30;2014;6;42786610;97.37;162080;0.000308;0.000308;120
HSY;2014-07-31;2014;7;42786610;88.15;162080;-0.094690;-0.094690;120
HSY;2014-08-29;2014;8;42786610;91.42;161209;0.043165;0.037096;120
HSY;2014-09-30;2014;9;42786610;95.43;161209;0.043864;0.043864;120
HSY;2014-10-31;2014;10;42786610;95.91;160250;0.005030;0.005030;120
HSY;2014-11-28;2014;11;42786610;100.28;160250;0.051142;0.045563;120
HSY;2014-12-31;2014;12;42786610;103.93;160250;0.036398;0.036398;120
IACI;2005-01-31;2005;1;44919P50;24.23;634247;-0.122737;-0.122737;120
IACI;2005-02-28;2005;2;44919P50;22.5;634247;-0.071399;-0.071399;120
IACI;2005-03-31;2005;3;44919P50;22.27;630815;-0.010222;-0.010222;120
IACI;2005-04-29;2005;4;44919P50;21.74;599617;-0.023799;-0.023799;120
IACI;2005-05-31;2005;5;44919P50;24.5;599617;0.126955;0.126955;120
IACI;2005-06-30;2005;6;44919P50;24.02;599617;-0.019592;-0.019592;120
IACI;2005-07-29;2005;7;44919P50;26.7;618039;0.111574;0.111574;120
IACI;2005-08-31;2005;8;44919P50;24.55;308437;-0.144994;-0.144994;120
IACI;2005-09-30;2005;9;44919P50;25.35;294997;0.032587;0.032587;120
IACI;2005-10-31;2005;10;44919P50;25.6;293781;0.009862;0.009862;120
IACI;2005-11-30;2005;11;44919P50;27.61;292423;0.078516;0.078516;120
IACI;2005-12-30;2005;12;44919P50;28.31;292222;0.025353;0.025353;120
IACI;2006-01-31;2006;1;44919P50;29.02;292222;0.025080;0.025080;120
IACI;2006-02-28;2006;2;44919P50;29.24;294692;0.007581;0.007581;120
IACI;2006-03-31;2006;3;44919P50;29.47;293441;0.007866;0.007866;120
IACI;2006-04-28;2006;4;44919P50;28.87;290483;-0.020360;-0.020360;120
IACI;2006-05-31;2006;5;44919P50;25.83;290483;-0.105300;-0.105300;120
IACI;2006-06-30;2006;6;44919P50;26.49;277988;0.025552;0.025552;120
IACI;2006-07-31;2006;7;44919P50;23.71;272689;-0.104945;-0.104945;120
IACI;2006-08-31;2006;8;44919P50;28.48;272689;0.201181;0.201181;120
IACI;2006-09-29;2006;9;44919P50;28.76;266857;0.009831;0.009831;120
IACI;2006-10-31;2006;10;44919P50;30.98;268081;0.077191;0.077191;120
IACI;2006-11-30;2006;11;44919P50;36.49;268081;0.177857;0.177857;120
IACI;2006-12-29;2006;12;44919P50;37.16;267233;0.018361;0.018361;120
IACI;2007-01-31;2007;1;44919P50;38.4;267233;0.033369;0.033369;120
IACI;2007-02-28;2007;2;44919P50;39.2;260128;0.020833;0.020833;120
IACI;2007-03-30;2007;3;44919P50;37.71;261621;-0.038010;-0.038010;120
IACI;2007-04-30;2007;4;44919P50;38.12;261904;0.010872;0.010872;120
IACI;2007-05-31;2007;5;44919P50;34.6;261904;-0.092340;-0.092340;120
IACI;2007-06-29;2007;6;44919P50;34.61;262435;0.000289;0.000289;120
IACI;2007-07-31;2007;7;44919P50;28.74;262618;-0.169604;-0.169604;120
IACI;2007-08-31;2007;8;44919P50;27.79;262618;-0.033055;-0.033055;120
IACI;2007-09-28;2007;9;44919P50;29.67;254828;0.067650;0.067650;120
IACI;2007-10-31;2007;10;44919P50;29.46;258038;-0.007078;-0.007078;120
IACI;2007-11-30;2007;11;44919P50;27.83;258038;-0.055329;-0.055329;120
IACI;2007-12-31;2007;12;44919P50;26.92;252391;-0.032699;-0.032699;120
IACI;2008-01-31;2008;1;44919P50;25.94;252391;-0.036404;-0.036404;120
IACI;2008-02-29;2008;2;44919P50;19.9;252391;-0.232845;-0.232845;120
IACI;2008-03-31;2008;3;44919P50;20.76;253136;0.043216;0.043216;120
IACI;2008-04-30;2008;4;44919P50;20.81;255003;0.002408;0.002408;120
IACI;2008-05-30;2008;5;44919P50;22.55;255003;0.083614;0.083614;120
IACI;2008-06-30;2008;6;44919P50;19.28;253983;-0.145011;-0.145011;120
IACI;2008-07-31;2008;7;44919P50;17.46;254216;-0.094398;-0.094398;120
IACI;2008-08-29;2008;8;44919P50;16.6;126591;0.110003;0.110003;120
IACI;2008-09-30;2008;9;44919P50;17.3;127589;0.042169;0.042169;120
IACI;2008-10-31;2008;10;44919P50;16.76;127598;-0.031214;-0.031214;120
IACI;2008-11-28;2008;11;44919P50;14.79;127598;-0.117542;-0.117542;120
IACI;2008-12-31;2008;12;44919P50;15.73;128147;0.063556;0.063556;120
IACI;2009-01-30;2009;1;44919P50;14.7;128147;-0.065480;-0.065480;120
IACI;2009-02-27;2009;2;44919P50;14.93;128147;0.015646;0.015646;120
IACI;2009-03-31;2009;3;44919P50;15.23;137332;0.020094;0.020094;120
IACI;2009-04-30;2009;4;44919P50;16.02;138116;0.051871;0.051871;120
IACI;2009-05-29;2009;5;44919P50;16.2;138116;0.011236;0.011236;120
IACI;2009-06-30;2009;6;44919P50;16.05;124642;-0.009259;-0.009259;120
IACI;2009-07-31;2009;7;44919P50;18.41;119603;0.147041;0.147041;120
IACI;2009-08-31;2009;8;44919P50;18.52;119603;0.005975;0.005975;120
IACI;2009-09-30;2009;9;44919P50;20.19;119146;0.090173;0.090173;120
IACI;2009-10-30;2009;10;44919P50;18.94;119170;-0.061912;-0.061912;120
IACI;2009-11-30;2009;11;44919P50;19.45;119170;0.026927;0.026927;120
IACI;2009-12-31;2009;12;44919P50;20.48;114526;0.052956;0.052956;120
IACI;2010-01-29;2010;1;44919P50;20.08;114526;-0.019531;-0.019531;120
IACI;2010-02-26;2010;2;44919P50;22.39;103758;0.115040;0.115040;120
IACI;2010-03-31;2010;3;44919P50;22.78;98024;0.017419;0.017419;120
IACI;2010-04-30;2010;4;44919P50;22.45;98086;-0.014486;-0.014486;120
IACI;2010-05-28;2010;5;44919P50;23.455;98086;0.044766;0.044766;120
IACI;2010-06-30;2010;6;44919P50;21.97;92753;-0.063313;-0.063313;120
IACI;2010-07-30;2010;7;44919P50;25;91794;0.137915;0.137915;120
IACI;2010-08-31;2010;8;44919P50;24.78;91794;-0.008800;-0.008800;120
IACI;2010-09-30;2010;9;44919P50;26.27;87558;0.060129;0.060129;120
IACI;2010-10-29;2010;10;44919P50;27.9;87582;0.062048;0.062048;120
IACI;2010-11-30;2010;11;44919P50;28.15;87582;0.008961;0.008961;120
IACI;2010-12-31;2010;12;44919P50;28.7;84079;0.019538;0.019538;120
IACI;2011-01-31;2011;1;44919P50;28.29;84179;-0.014286;-0.014286;120
IACI;2011-02-28;2011;2;44919P50;31.07;84179;0.098268;0.098268;120
IACI;2011-03-31;2011;3;44919P50;30.9075;85269;-0.005230;-0.005230;120
IACI;2011-04-29;2011;4;44919P50;36.11;85440;0.168325;0.168325;120
IACI;2011-05-31;2011;5;44919P50;36.78;85440;0.018554;0.018554;120
IACI;2011-06-30;2011;6;44919P50;38.17;81519;0.037792;0.037792;120
IACI;2011-07-29;2011;7;44919P50;41.39;79174;0.084359;0.084359;120
IACI;2011-08-31;2011;8;44919P50;39.53;79174;-0.044938;-0.044938;120
IACI;2011-09-30;2011;9;44919P50;39.55;76177;0.000506;0.000506;120
IACI;2011-10-31;2011;10;44919P50;40.83;76243;0.032364;0.032364;120
IACI;2011-11-30;2011;11;44919P50;41.88;76243;0.028655;0.025716;120
IACI;2011-12-30;2011;12;44919P50;42.6;77127;0.017192;0.017192;120
IACI;2012-01-31;2012;1;44919P50;43.07;75481;0.011033;0.011033;120
IACI;2012-02-29;2012;2;44919P50;45.6;75481;0.061528;0.058742;120
IACI;2012-03-30;2012;3;44919P50;49.09;76436;0.076535;0.076535;120
IACI;2012-04-30;2012;4;44919P50;48.15;75916;-0.019148;-0.019148;120
IACI;2012-05-31;2012;5;44919P50;44.92;75916;-0.064590;-0.067082;120
IACI;2012-06-29;2012;6;44919P50;45.6;83011;0.015138;0.015138;120
IACI;2012-07-31;2012;7;44919P50;52.61;81770;0.153728;0.153728;120
IACI;2012-08-31;2012;8;44919P50;51.84;81770;-0.010074;-0.014636;120
IACI;2012-09-28;2012;9;44919P50;52.06;82647;0.004244;0.004244;120
IACI;2012-10-31;2012;10;44919P50;48.35;82666;-0.071264;-0.071264;120
IACI;2012-11-30;2012;11;44919P50;47.15;82666;-0.019855;-0.024819;120
IACI;2012-12-31;2012;12;44919P50;47.242;78472;0.001951;0.001951;120
IACI;2013-01-31;2013;1;44919P50;41.25;78472;-0.126836;-0.126836;120
IACI;2013-02-28;2013;2;44919P50;40.75;78472;-0.006303;-0.012121;120
IACI;2013-03-28;2013;3;44919P50;44.68;77890;0.096442;0.096442;120
IACI;2013-04-30;2013;4;44919P50;47.07;82610;0.053491;0.053491;120
IACI;2013-05-31;2013;5;44919P50;48.48;82610;0.035054;0.029955;120
IACI;2013-06-28;2013;6;44919P50;47.58;77121;-0.018564;-0.018564;120
IACI;2013-07-31;2013;7;44919P50;50.61;77186;0.063682;0.063682;120
IACI;2013-08-30;2013;8;44919P50;49.09;77186;-0.025291;-0.030034;120
IACI;2013-09-30;2013;9;44919P50;54.67;77480;0.113669;0.113669;120
IACI;2013-10-31;2013;10;44919P50;53.39;77504;-0.023413;-0.023413;120
IACI;2013-11-29;2013;11;44919P50;57.21;77504;0.076044;0.071549;120
IACI;2013-12-31;2013;12;44919P50;68.651;76405;0.199983;0.199983;120
IACI;2014-01-31;2014;1;44919P50;70.04;76427;0.020233;0.020233;120
IACI;2014-02-28;2014;2;44919P50;77.53;76427;0.110365;0.106939;120
IACI;2014-03-31;2014;3;44919P50;71.39;77168;-0.079195;-0.079195;120
IACI;2014-04-30;2014;4;44919P50;66.28;77250;-0.071579;-0.071579;120
IACI;2014-05-30;2014;5;44919P50;66.21;77250;0.002565;-0.001056;120
IACI;2014-06-30;2014;6;44919P50;69.23;77580;0.045613;0.045613;120
IACI;2014-07-31;2014;7;44919P50;67.2;77597;-0.029323;-0.029323;120
IACI;2014-08-29;2014;8;44919P50;69.59;77597;0.040625;0.035565;120
IACI;2014-09-30;2014;9;44919P50;65.9;78012;-0.053025;-0.053025;120
IACI;2014-10-31;2014;10;44919P50;67.69;78012;0.027162;0.027162;120
IACI;2014-11-28;2014;11;44919P50;65.28;78012;-0.030581;-0.035604;120
IACI;2014-12-31;2014;12;44919P50;60.79;78356;-0.068781;-0.068781;120
JPM;2005-01-31;2005;1;46625H10;37.33;3562463;-0.034350;-0.043066;120
JPM;2005-02-28;2005;2;46625H10;36.55;3562463;-0.020895;-0.020895;120
JPM;2005-03-31;2005;3;46625H10;34.6;3553701;-0.053352;-0.053352;120
JPM;2005-04-29;2005;4;46625H10;35.49;3528642;0.035549;0.025723;120
JPM;2005-05-31;2005;5;46625H10;35.75;3518703;0.007326;0.007326;120
JPM;2005-06-30;2005;6;46625H10;35.32;3518703;-0.012028;-0.012028;120
JPM;2005-07-29;2005;7;46625H10;35.14;3518703;0.004530;-0.005096;120
JPM;2005-08-31;2005;8;46625H10;33.89;3512844;-0.035572;-0.035572;120
JPM;2005-09-30;2005;9;46625H10;33.93;3512844;0.001180;0.001180;120
JPM;2005-10-31;2005;10;46625H10;36.62;3503400;0.089301;0.079281;120
JPM;2005-11-30;2005;11;46625H10;38.25;3499065;0.044511;0.044511;120
JPM;2005-12-30;2005;12;46625H10;39.69;3499065;0.037647;0.037647;120
JPM;2006-01-31;2006;1;46625H10;39.75;3486700;0.010078;0.001512;120
JPM;2006-02-28;2006;2;46625H10;41.14;3486700;0.034969;0.034969;120
JPM;2006-03-31;2006;3;46625H10;41.64;3485554;0.012154;0.012154;120
JPM;2006-04-28;2006;4;46625H10;45.38;3473000;0.097983;0.089818;120
JPM;2006-05-31;2006;5;46625H10;42.64;3474554;-0.060379;-0.060379;120
JPM;2006-06-30;2006;6;46625H10;42;3474554;-0.015009;-0.015009;120
JPM;2006-07-31;2006;7;46625H10;45.62;3470600;0.094286;0.086190;120
JPM;2006-08-31;2006;8;46625H10;45.66;3471427;0.000877;0.000877;120
JPM;2006-09-29;2006;9;46625H10;46.96;3471427;0.028471;0.028471;120
JPM;2006-10-31;2006;10;46625H10;47.44;3467500;0.017462;0.010221;120
JPM;2006-11-30;2006;11;46625H10;46.28;3468958;-0.024452;-0.024452;120
JPM;2006-12-29;2006;12;46625H10;48.3;3468958;0.043647;0.043647;120
JPM;2007-01-31;2007;1;46625H10;50.93;3461700;0.061491;0.054451;120
JPM;2007-02-28;2007;2;46625H10;49.39;3461700;-0.030238;-0.030238;120
JPM;2007-03-30;2007;3;46625H10;48.38;3473350;-0.020449;-0.020449;120
JPM;2007-04-30;2007;4;46625H10;52.1;3416300;0.083919;0.076891;120
JPM;2007-05-31;2007;5;46625H10;51.83;3416115;-0.005182;-0.005182;120
JPM;2007-06-29;2007;6;46625H10;48.45;3416115;-0.065213;-0.065213;120
JPM;2007-07-31;2007;7;46625H10;44.01;3398500;-0.083798;-0.091641;120
JPM;2007-08-31;2007;8;46625H10;44.52;3383896;0.011588;0.011588;120
JPM;2007-09-28;2007;9;46625H10;45.82;3383896;0.029200;0.029200;120
JPM;2007-10-31;2007;10;46625H10;47;3383896;0.034046;0.025753;120
JPM;2007-11-30;2007;11;46625H10;45.62;3359044;-0.029362;-0.029362;120
JPM;2007-12-31;2007;12;46625H10;43.65;3359044;-0.043183;-0.043183;120
JPM;2008-01-31;2008;1;46625H10;47.4;3367400;0.094616;0.085911;120
JPM;2008-02-29;2008;2;46625H10;40.65;3367400;-0.142405;-0.142405;120
JPM;2008-03-31;2008;3;46625H10;42.95;3396539;0.056581;0.056581;120
JPM;2008-04-30;2008;4;46625H10;47.65;3399586;0.118277;0.109430;120
JPM;2008-05-30;2008;5;46625H10;43;3426632;-0.097587;-0.097587;120
JPM;2008-06-30;2008;6;46625H10;34.31;3426632;-0.202093;-0.202093;120
JPM;2008-07-31;2008;7;46625H10;40.63;3435700;0.195278;0.184203;120
JPM;2008-08-29;2008;8;46625H10;38.49;3437040;-0.052670;-0.052670;120
JPM;2008-09-30;2008;9;46625H10;46.7;3904597;0.213302;0.213302;120
JPM;2008-10-31;2008;10;46625H10;41.25;3726900;-0.108565;-0.116702;120
JPM;2008-11-28;2008;11;46625H10;31.66;3732358;-0.232485;-0.232485;120
JPM;2008-12-31;2008;12;46625H10;31.53;3732358;-0.004106;-0.004106;120
JPM;2009-01-30;2009;1;46625H10;25.51;3732800;-0.178877;-0.190929;120
JPM;2009-02-27;2009;2;46625H10;22.85;3732800;-0.104273;-0.104273;120
JPM;2009-03-31;2009;3;46625H10;26.58;3757923;0.163238;0.163238;120
JPM;2009-04-30;2009;4;46625H10;33;3757700;0.243416;0.241535;120
JPM;2009-05-29;2009;5;46625H10;36.9;3759160;0.118182;0.118182;120
JPM;2009-06-30;2009;6;46625H10;34.11;3901000;-0.075610;-0.075610;120
JPM;2009-07-31;2009;7;46625H10;38.65;3924100;0.134565;0.133099;120
JPM;2009-08-31;2009;8;46625H10;43.46;3932573;0.124450;0.124450;120
JPM;2009-09-30;2009;9;46625H10;43.82;3932573;0.008283;0.008283;120
JPM;2009-10-30;2009;10;46625H10;41.77;3938700;-0.045641;-0.046782;120
JPM;2009-11-30;2009;11;46625H10;42.49;3940654;0.017237;0.017237;120
JPM;2009-12-31;2009;12;46625H10;41.67;4104934;-0.019299;-0.019299;120
JPM;2010-01-29;2010;1;46625H10;38.94;3942000;-0.064315;-0.065515;120
JPM;2010-02-26;2010;2;46625H10;41.97;3973011;0.077812;0.077812;120
JPM;2010-03-31;2010;3;46625H10;44.75;3973011;0.066238;0.066238;120
JPM;2010-04-30;2010;4;46625H10;42.58;3975400;-0.047374;-0.048492;120
JPM;2010-05-28;2010;5;46625H10;39.58;3978694;-0.070456;-0.070456;120
JPM;2010-06-30;2010;6;46625H10;36.61;3978694;-0.075038;-0.075038;120
JPM;2010-07-30;2010;7;46625H10;40.28;3975800;0.101612;0.100246;120
JPM;2010-08-31;2010;8;46625H10;36.36;3965167;-0.097319;-0.097319;120
JPM;2010-09-30;2010;9;46625H10;38.06;3965167;0.046755;0.046755;120
JPM;2010-10-29;2010;10;46625H10;37.63;3925800;-0.009984;-0.011298;120
JPM;2010-11-30;2010;11;46625H10;37.4;3909181;-0.006112;-0.006112;120
JPM;2010-12-31;2010;12;46625H10;42.42;3909181;0.134225;0.134225;120
JPM;2011-01-31;2011;1;46625H10;44.94;3909181;0.060585;0.059406;120
JPM;2011-02-28;2011;2;46625H10;46.69;3983510;0.038941;0.038941;120
JPM;2011-03-31;2011;3;46625H10;46.1;3983510;-0.012637;-0.012637;120
JPM;2011-04-29;2011;4;46625H10;45.63;3986600;-0.004772;-0.010195;120
JPM;2011-05-31;2011;5;46625H10;43.24;3973685;-0.052378;-0.052378;120
JPM;2011-06-30;2011;6;46625H10;40.94;3973685;-0.053192;-0.053192;120
JPM;2011-07-29;2011;7;46625H10;40.45;3910200;-0.005862;-0.011969;120
JPM;2011-08-31;2011;8;46625H10;37.56;3899050;-0.071446;-0.071446;120
JPM;2011-09-30;2011;9;46625H10;30.12;3899050;-0.198083;-0.198083;120
JPM;2011-10-31;2011;10;46625H10;34.76;3899050;0.162351;0.154050;120
JPM;2011-11-30;2011;11;46625H10;30.97;3799766;-0.109033;-0.109033;120
JPM;2011-12-30;2011;12;46625H10;33.25;3799766;0.073620;0.073620;120
JPM;2012-01-31;2012;1;46625H10;37.3;3799766;0.129323;0.121804;120
JPM;2012-02-29;2012;2;46625H10;39.24;3799766;0.052011;0.052011;120
JPM;2012-03-30;2012;3;46625H10;45.98;3817360;0.171763;0.171763;120
JPM;2012-04-30;2012;4;46625H10;42.98;3822501;-0.058721;-0.065246;120
JPM;2012-05-31;2012;5;46625H10;33.15;3806666;-0.228711;-0.228711;120
JPM;2012-06-29;2012;6;46625H10;35.73;3806666;0.077828;0.077828;120
JPM;2012-07-31;2012;7;46625H10;36;3796800;0.015953;0.007557;120
JPM;2012-08-31;2012;8;46625H10;37.14;3798754;0.031667;0.031667;120
JPM;2012-09-28;2012;9;46625H10;40.48;3798754;0.089930;0.089930;120
JPM;2012-10-31;2012;10;46625H10;41.68;3798754;0.037055;0.029644;120
JPM;2012-11-30;2012;11;46625H10;41.08;3801402;-0.014395;-0.014395;120
JPM;2012-12-31;2012;12;46625H10;43.9691;3801402;0.070329;0.070329;120
JPM;2013-01-31;2013;1;46625H10;47.05;3801402;0.076893;0.070070;120
JPM;2013-02-28;2013;2;46625H10;48.92;3827467;0.039745;0.039745;120
JPM;2013-03-28;2013;3;46625H10;47.46;3827467;-0.029845;-0.029845;120
JPM;2013-04-30;2013;4;46625H10;49.01;3789800;0.038980;0.032659;120
JPM;2013-05-31;2013;5;46625H10;54.59;3779676;0.113854;0.113854;120
JPM;2013-06-28;2013;6;46625H10;52.79;3779676;-0.032973;-0.032973;120
JPM;2013-07-31;2013;7;46625H10;55.73;3779676;0.062891;0.055692;120
JPM;2013-08-30;2013;8;46625H10;50.53;3764198;-0.093307;-0.093307;120
JPM;2013-09-30;2013;9;46625H10;51.69;3764198;0.022957;0.022957;120
JPM;2013-10-31;2013;10;46625H10;51.54;3759200;0.004450;-0.002902;120
JPM;2013-11-29;2013;11;46625H10;57.22;3759189;0.110206;0.110206;120
JPM;2013-12-31;2013;12;46625H10;58.48;3759189;0.022020;0.022020;120
JPM;2014-01-31;2014;1;46625H10;55.36;3759189;-0.046854;-0.053352;120
JPM;2014-02-28;2014;2;46625H10;56.82;3786825;0.026373;0.026373;120
JPM;2014-03-31;2014;3;46625H10;60.71;3786825;0.068462;0.068462;120
JPM;2014-04-30;2014;4;46625H10;55.98;3785092;-0.071652;-0.077911;120
JPM;2014-05-30;2014;5;46625H10;55.57;3784713;-0.007324;-0.007324;120
JPM;2014-06-30;2014;6;46625H10;57.62;3784713;0.036890;0.036890;120
JPM;2014-07-31;2014;7;46625H10;57.67;3784713;0.007810;0.000868;120
JPM;2014-08-29;2014;8;46625H10;59.45;3761281;0.030865;0.030865;120
JPM;2014-09-30;2014;9;46625H10;60.24;3761281;0.013288;0.013288;120
JPM;2014-10-31;2014;10;46625H10;60.48;3761281;0.010624;0.003984;120
JPM;2014-11-28;2014;11;46625H10;60.16;3738189;-0.005291;-0.005291;120
JPM;2014-12-31;2014;12;46625H10;62.58;3738189;0.040226;0.040226;120